unidad_id,tipo_atributo,valor
d1cb90a9-dc68-4eeb-a517-9cdabab0c787,num_tokens,5
d1cb90a9-dc68-4eeb-a517-9cdabab0c787,num_entidades,1
b4b8ad71-bb3a-4c58-9eb5-8a3cbe897a63,num_tokens,10
b4b8ad71-bb3a-4c58-9eb5-8a3cbe897a63,num_entidades,2
983b452b-abe9-4397-86e4-bb107c68112b,num_tokens,5
983b452b-abe9-4397-86e4-bb107c68112b,num_entidades,1
a80456cf-be82-4372-ac62-8cca179f5b16,num_tokens,20
a80456cf-be82-4372-ac62-8cca179f5b16,num_entidades,1
04b04705-8164-4058-8340-8d50cfbb6ff0,num_tokens,20
04b04705-8164-4058-8340-8d50cfbb6ff0,num_entidades,2
cd169451-70a4-46f0-aeba-5064d3f5a93d,num_tokens,28
cd169451-70a4-46f0-aeba-5064d3f5a93d,num_entidades,3
3fa10299-0969-4e29-9480-16b2fb9331f5,num_tokens,15
3fa10299-0969-4e29-9480-16b2fb9331f5,num_entidades,1
b96e58e6-dc7d-47b4-9203-76eb82e76ff3,num_tokens,34
b96e58e6-dc7d-47b4-9203-76eb82e76ff3,num_entidades,2
d716f419-b1d1-43aa-9847-6b90105bc477,num_tokens,15
d716f419-b1d1-43aa-9847-6b90105bc477,num_entidades,1
8d06f777-9a27-47b5-914d-b2b75dc8d6f7,num_tokens,33
8d06f777-9a27-47b5-914d-b2b75dc8d6f7,num_entidades,3
b7e71b1d-bf82-426a-8037-8786572668a2,num_tokens,15
b7e71b1d-bf82-426a-8037-8786572668a2,num_entidades,1
b2c6a4f0-a131-449d-b3be-3bb7b7fa30a0,num_tokens,29
b2c6a4f0-a131-449d-b3be-3bb7b7fa30a0,num_entidades,2
7660e679-9703-44aa-a6f9-940c905fa466,num_tokens,15
7660e679-9703-44aa-a6f9-940c905fa466,num_entidades,1
598956a1-17ed-438b-9fb5-c1009df97be0,num_tokens,25
598956a1-17ed-438b-9fb5-c1009df97be0,num_entidades,2
0cf4db3b-cd27-4568-821b-31e5692b7645,num_tokens,15
0cf4db3b-cd27-4568-821b-31e5692b7645,num_entidades,1
9aaa41a0-52ed-4214-b830-e1ea39b43628,num_tokens,36
9aaa41a0-52ed-4214-b830-e1ea39b43628,num_entidades,3
1bb9cfac-eed5-4b9c-8ddc-7df870f1842d,num_tokens,15
1bb9cfac-eed5-4b9c-8ddc-7df870f1842d,num_entidades,1
0fdd7854-9a88-4859-a9e1-fb0046c0e605,num_tokens,26
0fdd7854-9a88-4859-a9e1-fb0046c0e605,num_entidades,2
49a66bc3-4046-46c3-88a8-2fef3151c83d,num_tokens,13
49a66bc3-4046-46c3-88a8-2fef3151c83d,num_entidades,2
741aa80c-520d-4f36-a9d6-35ba98fec93c,num_tokens,49
741aa80c-520d-4f36-a9d6-35ba98fec93c,num_entidades,1
e0ffd610-86b5-4582-a79c-6dfedd279bab,num_tokens,51
e0ffd610-86b5-4582-a79c-6dfedd279bab,num_entidades,4
54060a17-b6ae-42b1-bc90-32b2f210550d,num_tokens,15
54060a17-b6ae-42b1-bc90-32b2f210550d,num_entidades,1
24f0835c-ac90-4cb9-9af9-12b226f583c1,num_tokens,30
24f0835c-ac90-4cb9-9af9-12b226f583c1,num_entidades,1
733d7e08-7c9d-4c5f-bc18-6057858224d5,num_tokens,22
733d7e08-7c9d-4c5f-bc18-6057858224d5,num_entidades,1
8e352f35-f7bf-430b-8870-849876ada7aa,num_tokens,11
8e352f35-f7bf-430b-8870-849876ada7aa,num_entidades,1
f5f0944b-73c9-4a0f-a5e9-88f2934ee479,num_tokens,2
f5f0944b-73c9-4a0f-a5e9-88f2934ee479,num_entidades,0
b1b45796-9bc3-44a6-b9db-fe15516ede2d,num_tokens,2
b1b45796-9bc3-44a6-b9db-fe15516ede2d,num_entidades,1
3b679e83-fb40-48d9-ac25-9b3c94abf3e9,num_tokens,6
3b679e83-fb40-48d9-ac25-9b3c94abf3e9,num_entidades,0
3783805e-6c87-4be2-824b-e776b1705056,num_tokens,4
3783805e-6c87-4be2-824b-e776b1705056,num_entidades,0
c7bf5a36-e956-4e4b-9c5d-ae9c22b5e8f6,num_tokens,4
c7bf5a36-e956-4e4b-9c5d-ae9c22b5e8f6,num_entidades,0
e3b87937-4975-4a38-9ce6-970a424701e2,num_tokens,644
e3b87937-4975-4a38-9ce6-970a424701e2,num_entidades,39
a2d45772-7752-4fa9-976a-ccb089eecdbf,num_tokens,25
a2d45772-7752-4fa9-976a-ccb089eecdbf,num_entidades,2
aea2c321-d899-48d8-9170-7a247d80a9b3,num_tokens,137
aea2c321-d899-48d8-9170-7a247d80a9b3,num_entidades,12
996d6dbe-77aa-40d1-abdb-54a8e2d800a7,num_tokens,20
996d6dbe-77aa-40d1-abdb-54a8e2d800a7,num_entidades,2
2bd2f9de-4f3a-46e0-9a82-46dd06fb03a2,num_tokens,3
2bd2f9de-4f3a-46e0-9a82-46dd06fb03a2,num_entidades,1
d0fbd96e-1419-430d-a17f-d329af11c1ec,num_tokens,32
d0fbd96e-1419-430d-a17f-d329af11c1ec,num_entidades,4
e61643e7-30a3-4115-93ba-7e889125fb8b,num_tokens,6
e61643e7-30a3-4115-93ba-7e889125fb8b,num_entidades,1
06f87a11-f066-490b-9348-b8d0855167af,num_tokens,25
06f87a11-f066-490b-9348-b8d0855167af,num_entidades,1
a136d33f-1418-47bb-bc64-93a18023c93f,num_tokens,7
a136d33f-1418-47bb-bc64-93a18023c93f,num_entidades,1
4bf59ca2-980a-42af-8cee-41980bc163a4,num_tokens,44
4bf59ca2-980a-42af-8cee-41980bc163a4,num_entidades,10
d33058fd-cdb9-418b-9a4b-cc2b3488838a,num_tokens,20
d33058fd-cdb9-418b-9a4b-cc2b3488838a,num_entidades,6
ac076359-0bc8-4e20-a3ab-53145b0fcc39,num_tokens,50
ac076359-0bc8-4e20-a3ab-53145b0fcc39,num_entidades,13
05f75cd7-e0c2-4ffd-aca3-b03c50eb9072,num_tokens,113
05f75cd7-e0c2-4ffd-aca3-b03c50eb9072,num_entidades,16
aa284ddf-6e2f-4155-90c8-36b0ff8b5633,num_tokens,69
aa284ddf-6e2f-4155-90c8-36b0ff8b5633,num_entidades,22
3f6b5ddc-9214-4813-a0b9-46bc98677cc4,num_tokens,232
3f6b5ddc-9214-4813-a0b9-46bc98677cc4,num_entidades,34
61ab4d08-58e9-48ff-b852-599b45f79666,num_tokens,251
61ab4d08-58e9-48ff-b852-599b45f79666,num_entidades,47
22451e24-07df-405c-9b53-eb6dceabaca4,num_tokens,63
22451e24-07df-405c-9b53-eb6dceabaca4,num_entidades,13
02feb68c-b8be-4620-9a13-36a706291a33,num_tokens,104
02feb68c-b8be-4620-9a13-36a706291a33,num_entidades,9
bd9a0782-b93c-41cc-8625-3eb8cd62f2af,num_tokens,16
bd9a0782-b93c-41cc-8625-3eb8cd62f2af,num_entidades,4
388d067e-503d-4b9a-bff8-16df52c8df93,num_tokens,22
388d067e-503d-4b9a-bff8-16df52c8df93,num_entidades,5
361558ca-4a53-42c1-a5a8-5d8ad1ccc768,num_tokens,52
361558ca-4a53-42c1-a5a8-5d8ad1ccc768,num_entidades,3
d21bfc6b-7d52-462c-90fc-589985ffc1aa,num_tokens,23
d21bfc6b-7d52-462c-90fc-589985ffc1aa,num_entidades,6
5f91a6bd-2b4c-44eb-8280-3db0235a0573,num_tokens,80
5f91a6bd-2b4c-44eb-8280-3db0235a0573,num_entidades,7
f607e7e0-badf-4f11-9e22-e1cb37928c43,num_tokens,31
f607e7e0-badf-4f11-9e22-e1cb37928c43,num_entidades,3
2b6da233-00a6-43ac-b172-69d674d90ffe,num_tokens,43
2b6da233-00a6-43ac-b172-69d674d90ffe,num_entidades,7
75f1fe4b-4b92-424e-98e8-fe9a983eeace,num_tokens,30
75f1fe4b-4b92-424e-98e8-fe9a983eeace,num_entidades,7
f329a0a7-6bae-4c8f-9177-45cb7914d7aa,num_tokens,35
f329a0a7-6bae-4c8f-9177-45cb7914d7aa,num_entidades,9
43965dc6-96d9-40a6-bcb5-3bed1d150c74,num_tokens,28
43965dc6-96d9-40a6-bcb5-3bed1d150c74,num_entidades,7
65e01141-bb9d-404b-a901-08ae9cc9c0ea,num_tokens,43
65e01141-bb9d-404b-a901-08ae9cc9c0ea,num_entidades,9
05b8c2d6-84e3-4f74-95ad-bb1079496094,num_tokens,28
05b8c2d6-84e3-4f74-95ad-bb1079496094,num_entidades,6
cbb74e92-845b-4b51-8d05-5c24628e582b,num_tokens,43
cbb74e92-845b-4b51-8d05-5c24628e582b,num_entidades,7
a2dc1fee-995e-411f-9b4e-e114139bcbf1,num_tokens,56
a2dc1fee-995e-411f-9b4e-e114139bcbf1,num_entidades,3
222c31a7-1540-42ae-9ebe-b3a1e0a67c76,num_tokens,3
222c31a7-1540-42ae-9ebe-b3a1e0a67c76,num_entidades,1
222cad14-e1f1-4aee-87b9-e9598dd2af12,num_tokens,23
222cad14-e1f1-4aee-87b9-e9598dd2af12,num_entidades,2
ea37d5e5-df11-4f64-bfda-7b30d72748f2,num_tokens,36
ea37d5e5-df11-4f64-bfda-7b30d72748f2,num_entidades,5
4cded67b-7a49-4b0c-97f1-75096a17f680,num_tokens,29
4cded67b-7a49-4b0c-97f1-75096a17f680,num_entidades,2
75576b4e-8932-4f14-a66a-6b6d3a40a4e4,num_tokens,27
75576b4e-8932-4f14-a66a-6b6d3a40a4e4,num_entidades,3
9b5db2fd-e8e3-462a-be16-e6110cc6e0bc,num_tokens,18
9b5db2fd-e8e3-462a-be16-e6110cc6e0bc,num_entidades,1
deb2d0a5-8b4b-4524-84d0-9099dae0fea5,num_tokens,19
deb2d0a5-8b4b-4524-84d0-9099dae0fea5,num_entidades,4
d1264655-4716-407c-8e77-8559c1df3f96,num_tokens,40
d1264655-4716-407c-8e77-8559c1df3f96,num_entidades,4
f3d12591-528a-4727-87f6-2c457b2110dd,num_tokens,31
f3d12591-528a-4727-87f6-2c457b2110dd,num_entidades,4
f973de60-fe71-4191-acc3-3a339e5f527b,num_tokens,39
f973de60-fe71-4191-acc3-3a339e5f527b,num_entidades,7
82cdea95-f9d9-48e3-9cfe-d17832292890,num_tokens,75
82cdea95-f9d9-48e3-9cfe-d17832292890,num_entidades,11
70fc0a15-d768-44a9-9f2f-1e10e6130fec,num_tokens,40
70fc0a15-d768-44a9-9f2f-1e10e6130fec,num_entidades,7
a3cf954c-fc9f-4605-9159-d7f4a0691e8f,num_tokens,19
a3cf954c-fc9f-4605-9159-d7f4a0691e8f,num_entidades,1
8322671c-c824-4647-9b7f-8083bf97db7a,num_tokens,13
8322671c-c824-4647-9b7f-8083bf97db7a,num_entidades,1
c3cfdeb7-fb44-4c42-90ce-4598f86f34dd,num_tokens,34
c3cfdeb7-fb44-4c42-90ce-4598f86f34dd,num_entidades,7
9b838d9c-1f32-4e19-ba3b-7b03c20f26bd,num_tokens,52
9b838d9c-1f32-4e19-ba3b-7b03c20f26bd,num_entidades,3
993af2be-cc9b-45b6-a54e-da641250439f,num_tokens,47
993af2be-cc9b-45b6-a54e-da641250439f,num_entidades,7
33b74da5-2dc8-447f-9099-f861d29b2705,num_tokens,35
33b74da5-2dc8-447f-9099-f861d29b2705,num_entidades,7
2efd4177-3de5-41a6-b79b-1004d7e320fd,num_tokens,55
2efd4177-3de5-41a6-b79b-1004d7e320fd,num_entidades,7
b7522c05-e97a-4455-a245-b852d03e89cd,num_tokens,49
b7522c05-e97a-4455-a245-b852d03e89cd,num_entidades,5
598ef1be-5b79-4320-9b3f-e5628fb52424,num_tokens,52
598ef1be-5b79-4320-9b3f-e5628fb52424,num_entidades,7
86e13c2d-87d5-4d14-9041-b561bb728450,num_tokens,27
86e13c2d-87d5-4d14-9041-b561bb728450,num_entidades,5
d2356323-1ce1-4d4a-9335-9b1b4e3068ed,num_tokens,24
d2356323-1ce1-4d4a-9335-9b1b4e3068ed,num_entidades,1
18092582-758a-484f-b716-0a7614d5aefe,num_tokens,30
18092582-758a-484f-b716-0a7614d5aefe,num_entidades,6
20800f6a-4478-4ba9-ad33-40671acfbdc3,num_tokens,32
20800f6a-4478-4ba9-ad33-40671acfbdc3,num_entidades,4
5de99562-7b4f-4e0d-8ff8-feae6f96f878,num_tokens,28
5de99562-7b4f-4e0d-8ff8-feae6f96f878,num_entidades,3
ea348c6d-09e4-464e-81e1-a782f5dd28a1,num_tokens,35
ea348c6d-09e4-464e-81e1-a782f5dd28a1,num_entidades,2
859ffa17-af56-4668-acbb-4850347b7c5d,num_tokens,27
859ffa17-af56-4668-acbb-4850347b7c5d,num_entidades,3
34c11c91-ab93-474e-b1d6-93c1ee352716,num_tokens,27
34c11c91-ab93-474e-b1d6-93c1ee352716,num_entidades,1
971a39f4-a6e1-4bd8-a7ba-e25552dacf7c,num_tokens,34
971a39f4-a6e1-4bd8-a7ba-e25552dacf7c,num_entidades,1
3f9b7dc8-498c-43a8-a2c9-a1e5692cd301,num_tokens,33
3f9b7dc8-498c-43a8-a2c9-a1e5692cd301,num_entidades,1
086b54dd-a014-440f-bc5f-750d154ec82e,num_tokens,39
086b54dd-a014-440f-bc5f-750d154ec82e,num_entidades,2
1295334c-69ef-48c3-b1b9-40eea4121461,num_tokens,41
1295334c-69ef-48c3-b1b9-40eea4121461,num_entidades,2
1de5ce23-6ea7-493d-a271-a1ea8f0e9c97,num_tokens,47
1de5ce23-6ea7-493d-a271-a1ea8f0e9c97,num_entidades,6
6ee2b7b7-83a8-4b0d-97d2-4f330bbc8410,num_tokens,20
6ee2b7b7-83a8-4b0d-97d2-4f330bbc8410,num_entidades,3
67d950d1-a66e-437d-994b-d9ab527a0476,num_tokens,36
67d950d1-a66e-437d-994b-d9ab527a0476,num_entidades,4
2e0a9193-c5f6-42d2-9ffa-8be540a737ec,num_tokens,22
2e0a9193-c5f6-42d2-9ffa-8be540a737ec,num_entidades,2
48062016-a440-44ad-8fb1-a7f6df1dc0a3,num_tokens,36
48062016-a440-44ad-8fb1-a7f6df1dc0a3,num_entidades,4
05425ca3-5b0e-40a6-9c29-7431da133ac7,num_tokens,61
05425ca3-5b0e-40a6-9c29-7431da133ac7,num_entidades,8
40b44807-0b28-47b6-8f08-446759db6a39,num_tokens,12
40b44807-0b28-47b6-8f08-446759db6a39,num_entidades,1
8965c54c-344c-42c6-aeee-e4d46fa939e7,num_tokens,50
8965c54c-344c-42c6-aeee-e4d46fa939e7,num_entidades,6
a578a459-ccb7-47e0-93fb-9feff8316c2c,num_tokens,106
a578a459-ccb7-47e0-93fb-9feff8316c2c,num_entidades,14
9706c48b-42e1-4f7c-9467-10cfe2ddc1b2,num_tokens,18
9706c48b-42e1-4f7c-9467-10cfe2ddc1b2,num_entidades,3
e15fd635-8212-4666-af46-86caf1da60a7,num_tokens,16
e15fd635-8212-4666-af46-86caf1da60a7,num_entidades,3
7a1f03ec-de1a-43c6-8ac1-ea27978b5c2e,num_tokens,41
7a1f03ec-de1a-43c6-8ac1-ea27978b5c2e,num_entidades,5
fd7af4d0-36a0-492f-a1b1-169e6b6534c9,num_tokens,35
fd7af4d0-36a0-492f-a1b1-169e6b6534c9,num_entidades,5
9dc2f863-8c7d-463a-8527-ddfe1cc329aa,num_tokens,28
9dc2f863-8c7d-463a-8527-ddfe1cc329aa,num_entidades,5
1d5026b5-8723-4072-899c-dc83ce0f6ce8,num_tokens,18
1d5026b5-8723-4072-899c-dc83ce0f6ce8,num_entidades,2
30a69dc0-deb5-40c2-ae12-77662b82d3f9,num_tokens,30
30a69dc0-deb5-40c2-ae12-77662b82d3f9,num_entidades,6
5e8fdac1-3490-44ab-ba82-1fea5905803e,num_tokens,18
5e8fdac1-3490-44ab-ba82-1fea5905803e,num_entidades,2
183859cb-23f1-405e-82f0-a7eb7fe498d4,num_tokens,32
183859cb-23f1-405e-82f0-a7eb7fe498d4,num_entidades,5
9f500326-182c-4989-9ae0-6f9e30207edd,num_tokens,25
9f500326-182c-4989-9ae0-6f9e30207edd,num_entidades,4
e50166c7-074c-4737-bace-1853ba927611,num_tokens,43
e50166c7-074c-4737-bace-1853ba927611,num_entidades,4
1077d082-49b1-45be-abaf-132fe7ba255a,num_tokens,25
1077d082-49b1-45be-abaf-132fe7ba255a,num_entidades,5
f510a3f6-dd97-4ae8-968c-e57026e35eeb,num_tokens,42
f510a3f6-dd97-4ae8-968c-e57026e35eeb,num_entidades,8
15a74c5b-d4ef-40c1-be57-94e39f4476c7,num_tokens,13
15a74c5b-d4ef-40c1-be57-94e39f4476c7,num_entidades,2
7e8816d6-f99b-4192-bfa5-baaa2784519f,num_tokens,16
7e8816d6-f99b-4192-bfa5-baaa2784519f,num_entidades,4
1ccfeca8-9c94-45ce-840c-4c8543afb5e9,num_tokens,27
1ccfeca8-9c94-45ce-840c-4c8543afb5e9,num_entidades,4
5b349d9b-f0b4-48d6-9a7f-bd355070147d,num_tokens,29
5b349d9b-f0b4-48d6-9a7f-bd355070147d,num_entidades,3
6a175858-97f7-4957-a3f7-7c8cc44f4e0e,num_tokens,43
6a175858-97f7-4957-a3f7-7c8cc44f4e0e,num_entidades,5
6e70e706-24b1-4d68-891c-61c75b13ddde,num_tokens,26
6e70e706-24b1-4d68-891c-61c75b13ddde,num_entidades,3
416ae6df-717e-41a8-9f2f-bacd184a513b,num_tokens,22
416ae6df-717e-41a8-9f2f-bacd184a513b,num_entidades,3
34c0a7b2-23eb-47ef-a9ac-3cab911a183c,num_tokens,51
34c0a7b2-23eb-47ef-a9ac-3cab911a183c,num_entidades,8
4204275e-6d09-4e45-bcdc-cedce9b42372,num_tokens,26
4204275e-6d09-4e45-bcdc-cedce9b42372,num_entidades,2
24eee665-1f29-483d-a4b3-720c003b4a6b,num_tokens,26
24eee665-1f29-483d-a4b3-720c003b4a6b,num_entidades,4
3b5c783b-6007-4e17-9d97-be096cd77df2,num_tokens,38
3b5c783b-6007-4e17-9d97-be096cd77df2,num_entidades,5
24ae996b-f0f2-44d9-8e94-ba1b3f1426ef,num_tokens,38
24ae996b-f0f2-44d9-8e94-ba1b3f1426ef,num_entidades,5
8b5faece-d396-4b8a-b355-e8901d932762,num_tokens,63
8b5faece-d396-4b8a-b355-e8901d932762,num_entidades,6
b9a86186-3a17-4495-85d2-73602c96a40f,num_tokens,15
b9a86186-3a17-4495-85d2-73602c96a40f,num_entidades,0
20440cf4-2ba1-4715-8ec9-90858052ccfb,num_tokens,13
20440cf4-2ba1-4715-8ec9-90858052ccfb,num_entidades,1
38f6e053-b8c6-468b-ae2e-f1cc9a562f71,num_tokens,11
38f6e053-b8c6-468b-ae2e-f1cc9a562f71,num_entidades,0
82cb47c1-2b4d-4322-8673-abaf834c97dd,num_tokens,11
82cb47c1-2b4d-4322-8673-abaf834c97dd,num_entidades,0
f7790b15-dc9e-4732-8f30-0cdd6a4afd00,num_tokens,37
f7790b15-dc9e-4732-8f30-0cdd6a4afd00,num_entidades,4
01844f00-9982-464f-9468-237faa181004,num_tokens,29
01844f00-9982-464f-9468-237faa181004,num_entidades,1
6b331474-d759-43e3-a4f5-3f292465e407,num_tokens,13
6b331474-d759-43e3-a4f5-3f292465e407,num_entidades,0
9a00542d-55b9-446e-a04e-a8e9a21ea87b,num_tokens,23
9a00542d-55b9-446e-a04e-a8e9a21ea87b,num_entidades,0
fcd67456-5c7c-4adc-ad29-429855ed7457,num_tokens,83
fcd67456-5c7c-4adc-ad29-429855ed7457,num_entidades,7
cc6bb754-7773-42ff-a2c1-e4c842db1cee,num_tokens,46
cc6bb754-7773-42ff-a2c1-e4c842db1cee,num_entidades,4
545a4024-1f4f-447c-b3a0-f7051c319119,num_tokens,62
545a4024-1f4f-447c-b3a0-f7051c319119,num_entidades,2
85dfe002-76bb-4a34-a370-bd4e7b787eea,num_tokens,47
85dfe002-76bb-4a34-a370-bd4e7b787eea,num_entidades,4
067c9e5b-552a-4980-94e5-a5dd351a25e2,num_tokens,51
067c9e5b-552a-4980-94e5-a5dd351a25e2,num_entidades,7
1778375b-8c41-4381-bbb7-fcccce327710,num_tokens,23
1778375b-8c41-4381-bbb7-fcccce327710,num_entidades,2
d1acd775-5314-4187-b497-78538dfa63d4,num_tokens,16
d1acd775-5314-4187-b497-78538dfa63d4,num_entidades,2
44b561e5-06a9-498a-92c5-7f59114db0a6,num_tokens,7
44b561e5-06a9-498a-92c5-7f59114db0a6,num_entidades,1
f1bb9968-860d-4a62-9008-74c52102fcfc,num_tokens,21
f1bb9968-860d-4a62-9008-74c52102fcfc,num_entidades,3
731e63dd-3a46-49b5-9a51-6dc31ac94789,num_tokens,21
731e63dd-3a46-49b5-9a51-6dc31ac94789,num_entidades,2
ffe70c5f-2c41-4adf-b0f1-e0236b5289c4,num_tokens,5
ffe70c5f-2c41-4adf-b0f1-e0236b5289c4,num_entidades,0
907ff401-47c6-4ef7-b3ed-8b9220887949,num_tokens,11
907ff401-47c6-4ef7-b3ed-8b9220887949,num_entidades,2
1d54ed97-3fe3-46a9-aefd-60a129dfbe7f,num_tokens,22
1d54ed97-3fe3-46a9-aefd-60a129dfbe7f,num_entidades,3
2f2446ca-3067-4020-995a-41f4705ea09e,num_tokens,25
2f2446ca-3067-4020-995a-41f4705ea09e,num_entidades,5
920a3ad0-2c50-4946-aa27-2ef76b720c93,num_tokens,26
920a3ad0-2c50-4946-aa27-2ef76b720c93,num_entidades,0
8377be1d-f22b-4203-8082-2bc69ddfb7db,num_tokens,2
8377be1d-f22b-4203-8082-2bc69ddfb7db,num_entidades,0
735b321f-c6ac-4e27-9468-619ecb18578e,num_tokens,54
735b321f-c6ac-4e27-9468-619ecb18578e,num_entidades,9
c4680557-9283-4285-994c-175d07eb94b8,num_tokens,63
c4680557-9283-4285-994c-175d07eb94b8,num_entidades,8
aeb1b024-8102-4338-af4b-c614bbbbed32,num_tokens,40
aeb1b024-8102-4338-af4b-c614bbbbed32,num_entidades,3
153cac75-4251-4698-9681-2a13114d641f,num_tokens,104
153cac75-4251-4698-9681-2a13114d641f,num_entidades,6
36ad1b83-7f7d-40fb-ad0e-d3950e30c99f,num_tokens,106
36ad1b83-7f7d-40fb-ad0e-d3950e30c99f,num_entidades,6
b71e6460-07ea-4dda-ae29-58bb9661fb23,num_tokens,31
b71e6460-07ea-4dda-ae29-58bb9661fb23,num_entidades,2
dd51c7f1-44f2-452f-b17e-e53ccc09f335,num_tokens,21
dd51c7f1-44f2-452f-b17e-e53ccc09f335,num_entidades,2
1e24967b-2a98-489c-a6d7-f8392576f35c,num_tokens,23
1e24967b-2a98-489c-a6d7-f8392576f35c,num_entidades,1
10b4dfef-ae87-4db8-a889-de4d845a9abb,num_tokens,11
10b4dfef-ae87-4db8-a889-de4d845a9abb,num_entidades,1
80016311-4759-4688-a761-6d717fe1ca24,num_tokens,36
80016311-4759-4688-a761-6d717fe1ca24,num_entidades,2
9bbca50f-4385-4a74-96f1-a91e75591233,num_tokens,25
9bbca50f-4385-4a74-96f1-a91e75591233,num_entidades,2
c027c6d8-b260-4231-ad68-e8156d7990dd,num_tokens,35
c027c6d8-b260-4231-ad68-e8156d7990dd,num_entidades,2
6eeea7b9-2dd7-47bd-8c3f-c3e42ba95a04,num_tokens,31
6eeea7b9-2dd7-47bd-8c3f-c3e42ba95a04,num_entidades,2
dd567799-7d6d-4de4-af67-5a07661fe816,num_tokens,53
dd567799-7d6d-4de4-af67-5a07661fe816,num_entidades,6
fda7aba8-4f44-44ef-b412-387cc5bcb869,num_tokens,23
fda7aba8-4f44-44ef-b412-387cc5bcb869,num_entidades,4
a6d79c2c-3266-4090-8445-ae767ee78ee5,num_tokens,29
a6d79c2c-3266-4090-8445-ae767ee78ee5,num_entidades,4
30f5747c-b548-4f3a-a377-47d92971eaef,num_tokens,39
30f5747c-b548-4f3a-a377-47d92971eaef,num_entidades,2
9ebe6578-6c75-47e8-a809-ddbd568a6ff8,num_tokens,27
9ebe6578-6c75-47e8-a809-ddbd568a6ff8,num_entidades,3
f563a901-dd31-4839-9e69-d782c062d83d,num_tokens,49
f563a901-dd31-4839-9e69-d782c062d83d,num_entidades,4
60015fe6-be68-4eaf-b23e-e8e9fe96907b,num_tokens,83
60015fe6-be68-4eaf-b23e-e8e9fe96907b,num_entidades,4
b3797134-90dc-4713-9a41-f2ddd2f7bf3a,num_tokens,29
b3797134-90dc-4713-9a41-f2ddd2f7bf3a,num_entidades,2
8c85088b-9d48-4b97-a623-31ca16b4987b,num_tokens,58
8c85088b-9d48-4b97-a623-31ca16b4987b,num_entidades,2
27d96a2d-d98a-492a-836d-85d97071720b,num_tokens,18
27d96a2d-d98a-492a-836d-85d97071720b,num_entidades,2
a6ecfea2-48a7-4bf4-a57b-fd0c0f76c445,num_tokens,35
a6ecfea2-48a7-4bf4-a57b-fd0c0f76c445,num_entidades,2
42595222-a61f-4d5b-8584-c421d3310d75,num_tokens,21
42595222-a61f-4d5b-8584-c421d3310d75,num_entidades,1
e3da38a4-f7db-4dd5-82f1-6bc9b1c270e6,num_tokens,36
e3da38a4-f7db-4dd5-82f1-6bc9b1c270e6,num_entidades,4
c6c32251-6c27-4a6e-8836-56fad90184e8,num_tokens,25
c6c32251-6c27-4a6e-8836-56fad90184e8,num_entidades,3
523c4839-0ef3-4ce5-83a6-e97e42986f86,num_tokens,27
523c4839-0ef3-4ce5-83a6-e97e42986f86,num_entidades,2
b2fb8020-e88a-47d6-912f-d1d8ba232123,num_tokens,11
b2fb8020-e88a-47d6-912f-d1d8ba232123,num_entidades,0
6ffe7edd-84fc-445d-a5cb-2a47cabff68e,num_tokens,37
6ffe7edd-84fc-445d-a5cb-2a47cabff68e,num_entidades,3
8d223fca-b7d3-4832-a0c3-c46ee4dc4c28,num_tokens,26
8d223fca-b7d3-4832-a0c3-c46ee4dc4c28,num_entidades,3
423a234e-1ac0-4514-a753-bc70fb79e801,num_tokens,12
423a234e-1ac0-4514-a753-bc70fb79e801,num_entidades,1
db78943c-f892-4471-9f42-73065b3adc26,num_tokens,18
db78943c-f892-4471-9f42-73065b3adc26,num_entidades,2
2a8cdbee-eb6d-4aa4-8296-08fd1ee21075,num_tokens,10
2a8cdbee-eb6d-4aa4-8296-08fd1ee21075,num_entidades,2
0b424193-9839-48c6-9eba-43e822b8640c,num_tokens,6
0b424193-9839-48c6-9eba-43e822b8640c,num_entidades,1
abb39511-30f1-4080-812d-10b5d729ae7f,num_tokens,7
abb39511-30f1-4080-812d-10b5d729ae7f,num_entidades,2
675dc8d6-b0b4-4d2e-952b-00572e0d2999,num_tokens,7
675dc8d6-b0b4-4d2e-952b-00572e0d2999,num_entidades,1
690b8831-c8e6-4ff2-aecc-8ddf7675cbf2,num_tokens,7
690b8831-c8e6-4ff2-aecc-8ddf7675cbf2,num_entidades,2
60f27a81-43c4-4b4f-9054-c4bd2ea5747b,num_tokens,4
60f27a81-43c4-4b4f-9054-c4bd2ea5747b,num_entidades,1
bbfee63e-b9da-425b-81e0-95481bddc180,num_tokens,8
bbfee63e-b9da-425b-81e0-95481bddc180,num_entidades,2
8a7697db-0893-4f85-8cca-2963329563f4,num_tokens,8
8a7697db-0893-4f85-8cca-2963329563f4,num_entidades,2
454a4408-9046-4dde-8351-7fb0beccefe5,num_tokens,6
454a4408-9046-4dde-8351-7fb0beccefe5,num_entidades,0
d46643c8-fb91-46c8-97b9-98e7bf786ad4,num_tokens,7
d46643c8-fb91-46c8-97b9-98e7bf786ad4,num_entidades,0
811bae51-8e4c-4ff0-8207-68bba2e72d05,num_tokens,20
811bae51-8e4c-4ff0-8207-68bba2e72d05,num_entidades,2
1815082e-49ac-435a-addc-2562f36a2e81,num_tokens,11
1815082e-49ac-435a-addc-2562f36a2e81,num_entidades,1
f8fa86fe-b27c-4612-98d9-384d20fe7f18,num_tokens,11
f8fa86fe-b27c-4612-98d9-384d20fe7f18,num_entidades,1
d3f33647-efc1-4403-b168-021877472094,num_tokens,5
d3f33647-efc1-4403-b168-021877472094,num_entidades,1
22278043-2269-4209-8d71-b0c35c66024a,num_tokens,11
22278043-2269-4209-8d71-b0c35c66024a,num_entidades,0
d60c5570-6a4f-4ebc-a3e3-cb6fb266c19c,num_tokens,14
d60c5570-6a4f-4ebc-a3e3-cb6fb266c19c,num_entidades,1
a1ec918a-45e0-4284-b659-238377f2c693,num_tokens,8
a1ec918a-45e0-4284-b659-238377f2c693,num_entidades,0
21b45047-0132-4917-9dd5-122f401b79ff,num_tokens,8
21b45047-0132-4917-9dd5-122f401b79ff,num_entidades,0
6d37ac1f-59ab-426f-b16d-4758abe3e220,num_tokens,23
6d37ac1f-59ab-426f-b16d-4758abe3e220,num_entidades,5
1169568a-dfc0-4cf0-97b4-0cd94eb2b2ff,num_tokens,37
1169568a-dfc0-4cf0-97b4-0cd94eb2b2ff,num_entidades,4
a7540933-7c86-45e7-a7ff-5a889139cf04,num_tokens,24
a7540933-7c86-45e7-a7ff-5a889139cf04,num_entidades,3
dd10bfd0-e812-4a5e-b0ad-d7714dac59f8,num_tokens,18
dd10bfd0-e812-4a5e-b0ad-d7714dac59f8,num_entidades,0
0cab5136-4f3c-4030-916e-a32870ce7b54,num_tokens,20
0cab5136-4f3c-4030-916e-a32870ce7b54,num_entidades,3
9a935c39-c930-4e0e-9d70-bad4315e19c0,num_tokens,36
9a935c39-c930-4e0e-9d70-bad4315e19c0,num_entidades,3
f757c865-4b91-4b58-bac9-e6006d2d3ec9,num_tokens,33
f757c865-4b91-4b58-bac9-e6006d2d3ec9,num_entidades,0
afc34f82-7333-4354-8020-d315ea1f763f,num_tokens,31
afc34f82-7333-4354-8020-d315ea1f763f,num_entidades,3
e79fdf68-6cfe-428a-9161-38b013e4db36,num_tokens,67
e79fdf68-6cfe-428a-9161-38b013e4db36,num_entidades,7
706781ac-ca96-49a5-8175-b64cceea88dc,num_tokens,11
706781ac-ca96-49a5-8175-b64cceea88dc,num_entidades,1
a0257acb-064b-47d9-9d95-0555b797b8ab,num_tokens,23
a0257acb-064b-47d9-9d95-0555b797b8ab,num_entidades,1
69ac1060-22ae-4644-88d5-67fbcadd7a9e,num_tokens,29
69ac1060-22ae-4644-88d5-67fbcadd7a9e,num_entidades,3
c6a3720b-8623-4065-b390-af1e9588def8,num_tokens,54
c6a3720b-8623-4065-b390-af1e9588def8,num_entidades,5
21fdbd48-fc40-422a-9cec-482485053304,num_tokens,4
21fdbd48-fc40-422a-9cec-482485053304,num_entidades,1
69a96de1-054e-48be-a12a-8809fae41e7d,num_tokens,26
69a96de1-054e-48be-a12a-8809fae41e7d,num_entidades,3
f4200d32-8edd-4e93-8944-d1af7255a66b,num_tokens,11
f4200d32-8edd-4e93-8944-d1af7255a66b,num_entidades,3
dab55cf6-4ef1-463d-9410-8d52bb02d278,num_tokens,13
dab55cf6-4ef1-463d-9410-8d52bb02d278,num_entidades,2
f7643bbc-a92f-4903-a929-7ed251061c0b,num_tokens,3
f7643bbc-a92f-4903-a929-7ed251061c0b,num_entidades,0
ec9f5dd6-2983-492d-94e6-f21d19c4aaaf,num_tokens,30
ec9f5dd6-2983-492d-94e6-f21d19c4aaaf,num_entidades,5
f230ac48-82fb-40a8-bd81-d7d00b419fbe,num_tokens,57
f230ac48-82fb-40a8-bd81-d7d00b419fbe,num_entidades,3
8429d991-1faf-4a37-9980-280b62e56de6,num_tokens,39
8429d991-1faf-4a37-9980-280b62e56de6,num_entidades,5
525a00d4-e9ff-4664-ae50-9320a150c262,num_tokens,41
525a00d4-e9ff-4664-ae50-9320a150c262,num_entidades,5
ccc26d92-3766-4b80-a0ae-fc40d8ce45ee,num_tokens,37
ccc26d92-3766-4b80-a0ae-fc40d8ce45ee,num_entidades,4
9d4f3847-cfc1-4b11-8dbe-c0132ef55180,num_tokens,40
9d4f3847-cfc1-4b11-8dbe-c0132ef55180,num_entidades,5
06617bd2-b03f-4896-b343-4df4e5b66cd5,num_tokens,27
06617bd2-b03f-4896-b343-4df4e5b66cd5,num_entidades,2
0775a740-7822-43f2-95ea-92f803486fa9,num_tokens,31
0775a740-7822-43f2-95ea-92f803486fa9,num_entidades,2
1151e853-257f-4b3f-b7f3-4d8b94d7ff55,num_tokens,27
1151e853-257f-4b3f-b7f3-4d8b94d7ff55,num_entidades,2
40e6835b-26ad-4168-aed9-4392498e2173,num_tokens,31
40e6835b-26ad-4168-aed9-4392498e2173,num_entidades,3
6b6d7b96-cc2f-469b-98b3-23540e4f4dd2,num_tokens,17
6b6d7b96-cc2f-469b-98b3-23540e4f4dd2,num_entidades,2
6235626f-af19-4789-989d-4f2f8215cb5f,num_tokens,17
6235626f-af19-4789-989d-4f2f8215cb5f,num_entidades,3
7a6b18a1-b4ae-4a9e-b55c-9b56e2360ecf,num_tokens,26
7a6b18a1-b4ae-4a9e-b55c-9b56e2360ecf,num_entidades,3
10f2fd34-23f6-40f5-9b3c-4bfdaabd61f3,num_tokens,27
10f2fd34-23f6-40f5-9b3c-4bfdaabd61f3,num_entidades,4
fa0bc90f-5af1-4353-ae1c-deda263de882,num_tokens,52
fa0bc90f-5af1-4353-ae1c-deda263de882,num_entidades,6
d026ad35-5c6b-4a85-bd6a-4ba4dc522303,num_tokens,46
d026ad35-5c6b-4a85-bd6a-4ba4dc522303,num_entidades,4
a0fb63b2-ae47-4ef3-99f0-78a5fd331247,num_tokens,33
a0fb63b2-ae47-4ef3-99f0-78a5fd331247,num_entidades,4
e69c7506-5d2b-41e9-bedd-1565a9ab79b4,num_tokens,23
e69c7506-5d2b-41e9-bedd-1565a9ab79b4,num_entidades,3
8b686584-1f29-4caf-a44e-4c0d49ba1bca,num_tokens,24
8b686584-1f29-4caf-a44e-4c0d49ba1bca,num_entidades,3
0cb0e955-c667-412b-bf41-674f2f466baa,num_tokens,17
0cb0e955-c667-412b-bf41-674f2f466baa,num_entidades,3
82f9eba9-7068-4ef3-9cfa-ac30915810a7,num_tokens,36
82f9eba9-7068-4ef3-9cfa-ac30915810a7,num_entidades,2
c92bf85b-c073-4dee-a37c-c34f1156a53e,num_tokens,30
c92bf85b-c073-4dee-a37c-c34f1156a53e,num_entidades,3
026c8c2a-f492-48f0-9315-2963788d1308,num_tokens,35
026c8c2a-f492-48f0-9315-2963788d1308,num_entidades,4
a72d2e65-109a-47db-b70f-7b52d1f3fd68,num_tokens,17
a72d2e65-109a-47db-b70f-7b52d1f3fd68,num_entidades,2
79fb7bb0-dd8f-485e-8990-eaeb1a857a54,num_tokens,14
79fb7bb0-dd8f-485e-8990-eaeb1a857a54,num_entidades,2
f8969be0-685f-4863-9dd2-05f897653708,num_tokens,16
f8969be0-685f-4863-9dd2-05f897653708,num_entidades,1
24ece2c6-97a4-4c5d-ab9f-2814056a2ebf,num_tokens,43
24ece2c6-97a4-4c5d-ab9f-2814056a2ebf,num_entidades,5
c249337d-6c6f-4fab-995e-74323a2f3fa0,num_tokens,25
c249337d-6c6f-4fab-995e-74323a2f3fa0,num_entidades,4
7ebc74ce-c28c-4c49-9450-6836870d5d35,num_tokens,19
7ebc74ce-c28c-4c49-9450-6836870d5d35,num_entidades,3
e5ace14f-ee53-4a64-a8f0-3eb859ee6c34,num_tokens,24
e5ace14f-ee53-4a64-a8f0-3eb859ee6c34,num_entidades,3
69cf99a9-4f39-40e5-a508-b79599646561,num_tokens,17
69cf99a9-4f39-40e5-a508-b79599646561,num_entidades,3
ebc3f714-75b6-44fd-b636-e53f22aa4740,num_tokens,2
ebc3f714-75b6-44fd-b636-e53f22aa4740,num_entidades,0
6d24f480-8999-40d4-8dc1-fd8327d08749,num_tokens,42
6d24f480-8999-40d4-8dc1-fd8327d08749,num_entidades,8
b5704a27-9b85-40d8-91db-d300dc2ffd38,num_tokens,27
b5704a27-9b85-40d8-91db-d300dc2ffd38,num_entidades,5
79808a2c-6e27-4b07-9dbc-eaf9641c8eef,num_tokens,60
79808a2c-6e27-4b07-9dbc-eaf9641c8eef,num_entidades,6
1c93b559-6bb5-4066-9be9-f85600969933,num_tokens,48
1c93b559-6bb5-4066-9be9-f85600969933,num_entidades,4
baea76fc-e95e-414c-9d08-b68947e85a58,num_tokens,15
baea76fc-e95e-414c-9d08-b68947e85a58,num_entidades,1
5396cf51-f708-447a-88a7-1606c6b85751,num_tokens,38
5396cf51-f708-447a-88a7-1606c6b85751,num_entidades,3
197def9a-e648-4619-ac50-997d0b1ef68c,num_tokens,19
197def9a-e648-4619-ac50-997d0b1ef68c,num_entidades,2
15df86f1-b2ba-493d-a457-a8b4ad28bc8a,num_tokens,61
15df86f1-b2ba-493d-a457-a8b4ad28bc8a,num_entidades,6
578b9ec5-6299-40b1-911e-78f42f16ff4f,num_tokens,41
578b9ec5-6299-40b1-911e-78f42f16ff4f,num_entidades,2
428925f2-2f11-4d9e-8d88-3db3b62c4471,num_tokens,55
428925f2-2f11-4d9e-8d88-3db3b62c4471,num_entidades,3
67d80a1b-2286-47a6-ab39-5379b5f1ac0f,num_tokens,41
67d80a1b-2286-47a6-ab39-5379b5f1ac0f,num_entidades,4
387e1729-5e5d-40c7-ab23-f4128aa97bae,num_tokens,44
387e1729-5e5d-40c7-ab23-f4128aa97bae,num_entidades,11
60ceccfb-4794-426e-abf0-4f90f47463e9,num_tokens,109
60ceccfb-4794-426e-abf0-4f90f47463e9,num_entidades,13
6cef9c86-8f01-43a7-a704-51d05b9263eb,num_tokens,50
6cef9c86-8f01-43a7-a704-51d05b9263eb,num_entidades,6
72236a35-7736-4fe2-a3ee-b325edd6991c,num_tokens,28
72236a35-7736-4fe2-a3ee-b325edd6991c,num_entidades,3
56921535-6a39-4152-b97f-a3809b997267,num_tokens,60
56921535-6a39-4152-b97f-a3809b997267,num_entidades,5
fc1bbce2-082a-4b62-b92e-e2326e63f8de,num_tokens,31
fc1bbce2-082a-4b62-b92e-e2326e63f8de,num_entidades,2
90de2d38-db5d-4f42-9a0a-bba108c2cae2,num_tokens,38
90de2d38-db5d-4f42-9a0a-bba108c2cae2,num_entidades,3
15695c4c-230f-4382-bc19-d98e95058851,num_tokens,29
15695c4c-230f-4382-bc19-d98e95058851,num_entidades,3
92d9f532-7261-4804-852c-4b8068178530,num_tokens,94
92d9f532-7261-4804-852c-4b8068178530,num_entidades,8
b0f81fd4-e2bc-4b8f-849c-e257e5765d1c,num_tokens,20
b0f81fd4-e2bc-4b8f-849c-e257e5765d1c,num_entidades,2
fc96208a-b71c-4d6f-9b8d-92ece010a80a,num_tokens,19
fc96208a-b71c-4d6f-9b8d-92ece010a80a,num_entidades,1
3058525a-13f1-476b-b60b-8606540fa415,num_tokens,38
3058525a-13f1-476b-b60b-8606540fa415,num_entidades,3
9c7756a7-990d-4f55-a990-35122cbececd,num_tokens,22
9c7756a7-990d-4f55-a990-35122cbececd,num_entidades,1
247125dc-fa49-4c95-9dfe-1393fd5eb832,num_tokens,34
247125dc-fa49-4c95-9dfe-1393fd5eb832,num_entidades,4
23dce924-2167-4132-b113-55f385506b45,num_tokens,42
23dce924-2167-4132-b113-55f385506b45,num_entidades,2
ee321ea5-e529-4269-b503-14f3816e3554,num_tokens,55
ee321ea5-e529-4269-b503-14f3816e3554,num_entidades,4
6e376c79-8ffb-46ce-a658-f94e582e53a7,num_tokens,29
6e376c79-8ffb-46ce-a658-f94e582e53a7,num_entidades,2
c5784232-ac7c-43e2-8941-d5949d42bdf0,num_tokens,26
c5784232-ac7c-43e2-8941-d5949d42bdf0,num_entidades,1
d74f4922-172f-41b5-9f8a-73d7b7e39c4e,num_tokens,14
d74f4922-172f-41b5-9f8a-73d7b7e39c4e,num_entidades,1
0c2be8b8-28ba-476d-a42e-c3fa9cf3daea,num_tokens,91
0c2be8b8-28ba-476d-a42e-c3fa9cf3daea,num_entidades,6
f4b0f260-5c06-41ba-8bf5-6948e8ef1e1a,num_tokens,33
f4b0f260-5c06-41ba-8bf5-6948e8ef1e1a,num_entidades,1
edb435d3-896f-4677-8892-da9a44a9a6e2,num_tokens,46
edb435d3-896f-4677-8892-da9a44a9a6e2,num_entidades,8
7ef01044-3aa9-4a2c-9e45-d8ccae31c06e,num_tokens,41
7ef01044-3aa9-4a2c-9e45-d8ccae31c06e,num_entidades,2
1d5401db-bd98-4b57-8a54-fa251a62adf0,num_tokens,2
1d5401db-bd98-4b57-8a54-fa251a62adf0,num_entidades,0
53e7f42b-171c-4040-8077-bb171b7a9531,num_tokens,81
53e7f42b-171c-4040-8077-bb171b7a9531,num_entidades,9
2860b2a3-5cd9-44d7-ba41-c8d08958ac95,num_tokens,35
2860b2a3-5cd9-44d7-ba41-c8d08958ac95,num_entidades,3
232a911c-ab73-4a4c-b9a8-206b5091b930,num_tokens,32
232a911c-ab73-4a4c-b9a8-206b5091b930,num_entidades,1
af3c4f30-196f-40bd-bda6-c2c719f037bb,num_tokens,31
af3c4f30-196f-40bd-bda6-c2c719f037bb,num_entidades,3
6ea54731-b34a-45b0-8f05-ce8ddac45a6e,num_tokens,9
6ea54731-b34a-45b0-8f05-ce8ddac45a6e,num_entidades,1
be721d0c-2919-4140-9569-57b05c6d13bf,num_tokens,41
be721d0c-2919-4140-9569-57b05c6d13bf,num_entidades,2
28e7b2cc-142e-4522-ac0c-d8af1e25a300,num_tokens,30
28e7b2cc-142e-4522-ac0c-d8af1e25a300,num_entidades,6
03b32bee-ef45-439c-a21b-df7c8d03e213,num_tokens,40
03b32bee-ef45-439c-a21b-df7c8d03e213,num_entidades,5
e43f08f5-328a-42b5-879d-77fb0e07a761,num_tokens,10
e43f08f5-328a-42b5-879d-77fb0e07a761,num_entidades,1
ae9db29e-ad01-47e8-83b5-3da1dfe23a11,num_tokens,17
ae9db29e-ad01-47e8-83b5-3da1dfe23a11,num_entidades,1
12ef1c4c-6467-4422-ac16-4a3e9a9226e9,num_tokens,12
12ef1c4c-6467-4422-ac16-4a3e9a9226e9,num_entidades,1
cfd8aea8-629a-4ea4-920f-2f95a1440980,num_tokens,14
cfd8aea8-629a-4ea4-920f-2f95a1440980,num_entidades,3
0a07eaad-72d6-47f4-8df1-a342c947f77c,num_tokens,15
0a07eaad-72d6-47f4-8df1-a342c947f77c,num_entidades,0
de3824b4-0cb0-458f-b102-abb89c66225f,num_tokens,7
de3824b4-0cb0-458f-b102-abb89c66225f,num_entidades,2
449baecf-00f6-47c6-8bb5-f40d2a9b58fa,num_tokens,8
449baecf-00f6-47c6-8bb5-f40d2a9b58fa,num_entidades,1
eebb674d-65b4-43e5-a7aa-1999936f1404,num_tokens,27
eebb674d-65b4-43e5-a7aa-1999936f1404,num_entidades,5
09555bc2-5652-4689-9490-d63e77b6e903,num_tokens,7
09555bc2-5652-4689-9490-d63e77b6e903,num_entidades,1
64bd404a-661c-4d8e-a029-7603207b94d2,num_tokens,15
64bd404a-661c-4d8e-a029-7603207b94d2,num_entidades,2
24335729-f2e7-45fd-8691-5286e00ae26f,num_tokens,8
24335729-f2e7-45fd-8691-5286e00ae26f,num_entidades,2
256fda0b-ba54-459a-9333-c4a876ce199f,num_tokens,29
256fda0b-ba54-459a-9333-c4a876ce199f,num_entidades,2
7426f469-2efe-407b-9da0-cbd5a6d853b2,num_tokens,31
7426f469-2efe-407b-9da0-cbd5a6d853b2,num_entidades,3
dcd616c7-3a73-4075-a2f5-63ee3541f44d,num_tokens,38
dcd616c7-3a73-4075-a2f5-63ee3541f44d,num_entidades,5
e3d73fd5-6fe1-43eb-b646-d8ec6de65960,num_tokens,6
e3d73fd5-6fe1-43eb-b646-d8ec6de65960,num_entidades,2
31ba66b4-dedf-4aad-8872-b9426a3d4db7,num_tokens,39
31ba66b4-dedf-4aad-8872-b9426a3d4db7,num_entidades,7
e63250fd-5fad-4685-b3c1-875a769fd15c,num_tokens,8
e63250fd-5fad-4685-b3c1-875a769fd15c,num_entidades,0
a8af17b1-3708-4efd-9bd4-f2e1dcfb2285,num_tokens,9
a8af17b1-3708-4efd-9bd4-f2e1dcfb2285,num_entidades,0
bc7ac642-4f78-4955-b46e-fec72811cebf,num_tokens,19
bc7ac642-4f78-4955-b46e-fec72811cebf,num_entidades,1
b02393ea-9f9c-4523-88d6-0208dec872ab,num_tokens,6
b02393ea-9f9c-4523-88d6-0208dec872ab,num_entidades,0
03bff793-569f-4eda-9a34-2bc4531503f9,num_tokens,15
03bff793-569f-4eda-9a34-2bc4531503f9,num_entidades,1
4ef2522c-75a3-45aa-a9a0-fadf42a95d11,num_tokens,32
4ef2522c-75a3-45aa-a9a0-fadf42a95d11,num_entidades,6
891b1fd6-27f9-49da-bf51-1e1889bfc2b8,num_tokens,6
891b1fd6-27f9-49da-bf51-1e1889bfc2b8,num_entidades,1
02b028b3-6cf3-4876-82e5-82eea092c62f,num_tokens,5
02b028b3-6cf3-4876-82e5-82eea092c62f,num_entidades,1
784a6466-20d7-4853-b696-fe5f4a7a2ac7,num_tokens,8
784a6466-20d7-4853-b696-fe5f4a7a2ac7,num_entidades,2
b010fb13-966c-4821-92ee-0c73b6b72fa8,num_tokens,6
b010fb13-966c-4821-92ee-0c73b6b72fa8,num_entidades,0
45aa8843-f3eb-4829-ab90-5c06ae1231d9,num_tokens,6
45aa8843-f3eb-4829-ab90-5c06ae1231d9,num_entidades,2
b1c7bf36-4bbc-4032-8cc4-b47281b557cd,num_tokens,4
b1c7bf36-4bbc-4032-8cc4-b47281b557cd,num_entidades,0
7cf60bff-c978-4fa7-836f-ca4eeb31033d,num_tokens,8
7cf60bff-c978-4fa7-836f-ca4eeb31033d,num_entidades,0
cd035960-b0b1-489e-969e-1c4f97df3c31,num_tokens,33
cd035960-b0b1-489e-969e-1c4f97df3c31,num_entidades,2
b80a4165-b3a7-429c-bffc-4960cb60552f,num_tokens,33
b80a4165-b3a7-429c-bffc-4960cb60552f,num_entidades,4
d432a276-1bb8-4d67-b052-479037a215be,num_tokens,51
d432a276-1bb8-4d67-b052-479037a215be,num_entidades,6
243f0043-78f6-4974-baa2-d66bc252dac1,num_tokens,30
243f0043-78f6-4974-baa2-d66bc252dac1,num_entidades,3
8711584c-9b96-4e75-a424-9b9e8c501acb,num_tokens,8
8711584c-9b96-4e75-a424-9b9e8c501acb,num_entidades,1
1cb2efee-95d9-4c74-9fc6-9301a61b0375,num_tokens,4
1cb2efee-95d9-4c74-9fc6-9301a61b0375,num_entidades,1
18011d06-914c-4dd0-9a7b-1e098be38ffb,num_tokens,9
18011d06-914c-4dd0-9a7b-1e098be38ffb,num_entidades,2
a4c94d44-03bd-4b9e-aeda-1b9f939f13f9,num_tokens,15
a4c94d44-03bd-4b9e-aeda-1b9f939f13f9,num_entidades,0
2460e9cf-bb39-4a54-9933-11b7b9edca9e,num_tokens,50
2460e9cf-bb39-4a54-9933-11b7b9edca9e,num_entidades,4
4898578c-1c24-4ed8-b307-78a0fc3901ef,num_tokens,30
4898578c-1c24-4ed8-b307-78a0fc3901ef,num_entidades,0
7ad833c0-7ec1-4900-a42f-a0b38a5bde00,num_tokens,18
7ad833c0-7ec1-4900-a42f-a0b38a5bde00,num_entidades,0
3c754520-65e0-4a15-a1a5-ae2ffc459dda,num_tokens,44
3c754520-65e0-4a15-a1a5-ae2ffc459dda,num_entidades,3
b7688956-0c71-4fca-88f7-77099d341f1b,num_tokens,31
b7688956-0c71-4fca-88f7-77099d341f1b,num_entidades,4
0151b279-cbb6-4e23-9e64-740203236121,num_tokens,41
0151b279-cbb6-4e23-9e64-740203236121,num_entidades,5
e3c06f9a-1137-4a74-911d-65e09f1456b1,num_tokens,50
e3c06f9a-1137-4a74-911d-65e09f1456b1,num_entidades,11
1e3d55af-14d2-4f90-91eb-3d8671278f22,num_tokens,51
1e3d55af-14d2-4f90-91eb-3d8671278f22,num_entidades,8
835a855d-e2d1-4f4a-a380-0ec44694775e,num_tokens,38
835a855d-e2d1-4f4a-a380-0ec44694775e,num_entidades,8
a693b42c-d34b-4e9a-823a-c66ff65e4508,num_tokens,18
a693b42c-d34b-4e9a-823a-c66ff65e4508,num_entidades,1
a1d840f7-1ced-4a85-8054-cc11f1fa8d24,num_tokens,20
a1d840f7-1ced-4a85-8054-cc11f1fa8d24,num_entidades,4
f73780d8-e1a2-46b8-a0e5-f2fc8ecbd130,num_tokens,37
f73780d8-e1a2-46b8-a0e5-f2fc8ecbd130,num_entidades,4
6b04c128-1f53-4793-822e-17502ad3451e,num_tokens,47
6b04c128-1f53-4793-822e-17502ad3451e,num_entidades,4
b0dfd468-a2b8-4a50-8fb4-41172478bb19,num_tokens,29
b0dfd468-a2b8-4a50-8fb4-41172478bb19,num_entidades,3
3c7d9451-cf8c-43dd-99e9-9317dc561cf7,num_tokens,20
3c7d9451-cf8c-43dd-99e9-9317dc561cf7,num_entidades,4
4a135cf3-5849-4ef1-9ebb-9e1046d3e4ee,num_tokens,26
4a135cf3-5849-4ef1-9ebb-9e1046d3e4ee,num_entidades,4
deb60bcf-c60a-4af5-99dd-31179d534515,num_tokens,22
deb60bcf-c60a-4af5-99dd-31179d534515,num_entidades,3
3d9486d0-2742-47f4-b443-13ad9d912bab,num_tokens,29
3d9486d0-2742-47f4-b443-13ad9d912bab,num_entidades,5
a68f596e-6832-4c86-89f6-7fd83b8005e3,num_tokens,50
a68f596e-6832-4c86-89f6-7fd83b8005e3,num_entidades,5
9b712d97-a1ce-4aa4-ba6e-d3a300bd8dda,num_tokens,56
9b712d97-a1ce-4aa4-ba6e-d3a300bd8dda,num_entidades,8
75259b97-5535-4776-9b81-9819c3498e60,num_tokens,38
75259b97-5535-4776-9b81-9819c3498e60,num_entidades,5
f2a6f551-b4ea-48ae-a46e-04190ec4d38b,num_tokens,58
f2a6f551-b4ea-48ae-a46e-04190ec4d38b,num_entidades,8
b788180f-4451-4e4f-9765-031a692bed42,num_tokens,30
b788180f-4451-4e4f-9765-031a692bed42,num_entidades,4
a6334302-a5de-48b1-955c-f1f22f143eb4,num_tokens,28
a6334302-a5de-48b1-955c-f1f22f143eb4,num_entidades,6
b95c796b-e4ba-4fef-94e5-d996f12f1443,num_tokens,34
b95c796b-e4ba-4fef-94e5-d996f12f1443,num_entidades,5
92b5f917-bc1a-40d0-91e1-d78779778f32,num_tokens,37
92b5f917-bc1a-40d0-91e1-d78779778f32,num_entidades,5
33817471-df09-4a5c-afd9-03316f46c5f5,num_tokens,58
33817471-df09-4a5c-afd9-03316f46c5f5,num_entidades,4
c681a9c4-6a70-476d-ba55-c203cf386ea1,num_tokens,24
c681a9c4-6a70-476d-ba55-c203cf386ea1,num_entidades,2
497f0b2b-54af-4b34-8d0b-2cdf7a5e62a7,num_tokens,31
497f0b2b-54af-4b34-8d0b-2cdf7a5e62a7,num_entidades,3
05c7859e-6e7e-4a81-9254-9a3e67208e08,num_tokens,139
05c7859e-6e7e-4a81-9254-9a3e67208e08,num_entidades,23
784384a2-74ec-401f-b075-5318bd4bd0e6,num_tokens,50
784384a2-74ec-401f-b075-5318bd4bd0e6,num_entidades,5
892ba891-7e02-425c-a548-b7c59e1deded,num_tokens,48
892ba891-7e02-425c-a548-b7c59e1deded,num_entidades,9
6a3727ea-ecc7-45fd-a6cf-5347650721c7,num_tokens,20
6a3727ea-ecc7-45fd-a6cf-5347650721c7,num_entidades,5
b4db467e-67b8-4ff5-b9f5-2be89e3b60a3,num_tokens,34
b4db467e-67b8-4ff5-b9f5-2be89e3b60a3,num_entidades,4
95613bcf-66b5-4541-abad-f4ae43bc7486,num_tokens,54
95613bcf-66b5-4541-abad-f4ae43bc7486,num_entidades,7
879a79b7-3cd0-4f0f-8484-aca3714a7788,num_tokens,52
879a79b7-3cd0-4f0f-8484-aca3714a7788,num_entidades,5
05fac623-7dce-489f-a737-aa04d085f40e,num_tokens,37
05fac623-7dce-489f-a737-aa04d085f40e,num_entidades,5
e3d27f72-2d9f-4c83-a02f-97471c4e2f4a,num_tokens,42
e3d27f72-2d9f-4c83-a02f-97471c4e2f4a,num_entidades,8
f69a9404-6e38-4958-8ec1-b5d66947172c,num_tokens,64
f69a9404-6e38-4958-8ec1-b5d66947172c,num_entidades,6
0e76f420-59bb-49a6-813c-8ace28ca88e7,num_tokens,24
0e76f420-59bb-49a6-813c-8ace28ca88e7,num_entidades,2
f7888966-904a-4a4f-8e85-3d2435e1736e,num_tokens,28
f7888966-904a-4a4f-8e85-3d2435e1736e,num_entidades,3
213ba0a5-4c1c-4043-ac39-5c8d12bc9074,num_tokens,46
213ba0a5-4c1c-4043-ac39-5c8d12bc9074,num_entidades,5
e33247eb-9ac8-43e1-b446-d4d7464b53bb,num_tokens,44
e33247eb-9ac8-43e1-b446-d4d7464b53bb,num_entidades,4
e5d3035f-a488-4dd6-b385-5ff56e874488,num_tokens,38
e5d3035f-a488-4dd6-b385-5ff56e874488,num_entidades,3
be25cc24-50e5-43f8-b5a1-577027f6c003,num_tokens,18
be25cc24-50e5-43f8-b5a1-577027f6c003,num_entidades,3
c471340c-34b5-469f-8c75-72847f5a43f8,num_tokens,22
c471340c-34b5-469f-8c75-72847f5a43f8,num_entidades,3
48274855-53c8-4fbc-b8b7-efe5934fb248,num_tokens,53
48274855-53c8-4fbc-b8b7-efe5934fb248,num_entidades,7
ef7ab3b7-e0d6-487e-8931-478d86b283c7,num_tokens,20
ef7ab3b7-e0d6-487e-8931-478d86b283c7,num_entidades,2
514b88a9-816f-492d-8b6b-cc1c02a254dc,num_tokens,46
514b88a9-816f-492d-8b6b-cc1c02a254dc,num_entidades,4
962fb78c-be83-4dc5-8b6d-e038840ca3bc,num_tokens,30
962fb78c-be83-4dc5-8b6d-e038840ca3bc,num_entidades,4
4c86eccf-7c8c-4b25-9160-22933f4d560a,num_tokens,60
4c86eccf-7c8c-4b25-9160-22933f4d560a,num_entidades,4
02caa97b-1bf6-4d99-ba1c-5135bda0b730,num_tokens,88
02caa97b-1bf6-4d99-ba1c-5135bda0b730,num_entidades,7
e53e86c3-2d50-4e98-becc-e8e796a9ca75,num_tokens,50
e53e86c3-2d50-4e98-becc-e8e796a9ca75,num_entidades,3
d061a161-471d-41b3-9adf-3a0838f903bb,num_tokens,32
d061a161-471d-41b3-9adf-3a0838f903bb,num_entidades,1
024fed4b-6b80-4a61-8d11-84db1e6fa245,num_tokens,77
024fed4b-6b80-4a61-8d11-84db1e6fa245,num_entidades,7
0597d96c-411f-464a-9a57-f38aec63dd39,num_tokens,43
0597d96c-411f-464a-9a57-f38aec63dd39,num_entidades,3
32437a56-0717-4ae4-9ed6-1519a60b1217,num_tokens,12
32437a56-0717-4ae4-9ed6-1519a60b1217,num_entidades,3
ae0186f3-000f-4725-93f3-2c51102fcd26,num_tokens,23
ae0186f3-000f-4725-93f3-2c51102fcd26,num_entidades,4
1cf1344a-479e-4ed3-b3c5-21da57899492,num_tokens,13
1cf1344a-479e-4ed3-b3c5-21da57899492,num_entidades,5
6a9835ff-d60a-4104-af9a-168dbd347d30,num_tokens,11
6a9835ff-d60a-4104-af9a-168dbd347d30,num_entidades,3
05bc674b-20f4-4dfa-82d6-fc01ffec335d,num_tokens,48
05bc674b-20f4-4dfa-82d6-fc01ffec335d,num_entidades,8
2c736ca8-254d-43f6-8f51-903531092d4f,num_tokens,33
2c736ca8-254d-43f6-8f51-903531092d4f,num_entidades,4
91e386f7-8d57-4ab2-944b-e64c63401606,num_tokens,31
91e386f7-8d57-4ab2-944b-e64c63401606,num_entidades,5
535b335e-d234-41b1-9355-fa4d698bad55,num_tokens,31
535b335e-d234-41b1-9355-fa4d698bad55,num_entidades,4
16c96cfd-c236-49c6-aff3-9adf03a66c66,num_tokens,35
16c96cfd-c236-49c6-aff3-9adf03a66c66,num_entidades,5
02d58f29-4f30-4b2f-9dbe-559421ca832f,num_tokens,40
02d58f29-4f30-4b2f-9dbe-559421ca832f,num_entidades,4
aa9fcb32-69a6-417a-9434-27eb28088a2b,num_tokens,28
aa9fcb32-69a6-417a-9434-27eb28088a2b,num_entidades,3
f2bc2573-f8bf-4f3b-96e0-0faa9ecbf349,num_tokens,63
f2bc2573-f8bf-4f3b-96e0-0faa9ecbf349,num_entidades,6
41fa1e37-e72b-488c-955e-f50b8a3cca20,num_tokens,51
41fa1e37-e72b-488c-955e-f50b8a3cca20,num_entidades,3
e44f6fb6-d44b-4325-9116-1ecdd13a0ee1,num_tokens,50
e44f6fb6-d44b-4325-9116-1ecdd13a0ee1,num_entidades,2
38c7367f-a15f-4bcc-8763-49ae8c2cde27,num_tokens,19
38c7367f-a15f-4bcc-8763-49ae8c2cde27,num_entidades,5
15a1d8d0-52a8-4548-abb0-a9586ce70072,num_tokens,61
15a1d8d0-52a8-4548-abb0-a9586ce70072,num_entidades,8
f1d61d35-aeb7-4590-a1b6-e4fe2d71a21c,num_tokens,27
f1d61d35-aeb7-4590-a1b6-e4fe2d71a21c,num_entidades,4
57801c9c-e1f0-4480-b57b-a342ba3eab3b,num_tokens,44
57801c9c-e1f0-4480-b57b-a342ba3eab3b,num_entidades,6
56222334-9522-4463-b3c2-c696b79e9c50,num_tokens,37
56222334-9522-4463-b3c2-c696b79e9c50,num_entidades,2
f2e766c5-51f8-430d-95a5-ac8009f73789,num_tokens,27
f2e766c5-51f8-430d-95a5-ac8009f73789,num_entidades,4
7fdc14dd-069a-4f64-9538-f09c27fa9569,num_tokens,69
7fdc14dd-069a-4f64-9538-f09c27fa9569,num_entidades,6
84334350-e555-489c-9a61-8e1baf39d84a,num_tokens,54
84334350-e555-489c-9a61-8e1baf39d84a,num_entidades,3
53cce3b4-4d82-48ab-aee9-d2242a748566,num_tokens,50
53cce3b4-4d82-48ab-aee9-d2242a748566,num_entidades,7
5b549668-8380-4ed8-9eb3-62ced73e01f4,num_tokens,10
5b549668-8380-4ed8-9eb3-62ced73e01f4,num_entidades,2
a2c087fb-ada7-4f18-afae-f77c5336c0b8,num_tokens,44
a2c087fb-ada7-4f18-afae-f77c5336c0b8,num_entidades,5
a10d809d-6e98-4564-8d59-207e940125bc,num_tokens,1
a10d809d-6e98-4564-8d59-207e940125bc,num_entidades,0
32bf6757-1f31-4455-b5ac-cf37d74c2b33,num_tokens,142
32bf6757-1f31-4455-b5ac-cf37d74c2b33,num_entidades,37
cd6fef89-b74b-40d5-9cd0-8b18f4798041,num_tokens,74
cd6fef89-b74b-40d5-9cd0-8b18f4798041,num_entidades,9
3d387e4d-1611-43cb-b46e-216058f4d62d,num_tokens,18
3d387e4d-1611-43cb-b46e-216058f4d62d,num_entidades,2
6cf12fe9-2fdf-4d6d-bd79-71fdcd09e550,num_tokens,19
6cf12fe9-2fdf-4d6d-bd79-71fdcd09e550,num_entidades,4
2bcd91b6-f016-495b-997d-9cca22e1ba51,num_tokens,13
2bcd91b6-f016-495b-997d-9cca22e1ba51,num_entidades,0
6e3ec9d5-7343-4745-bf3b-abf3058c0739,num_tokens,60
6e3ec9d5-7343-4745-bf3b-abf3058c0739,num_entidades,4
6ec678a5-64a0-43a4-9c57-5b5d6e251201,num_tokens,16
6ec678a5-64a0-43a4-9c57-5b5d6e251201,num_entidades,2
e1a9fcb1-b5d9-416a-9d06-9cdf5641501c,num_tokens,19
e1a9fcb1-b5d9-416a-9d06-9cdf5641501c,num_entidades,0
bc324fda-e48a-4675-91c4-2ccde957337d,num_tokens,45
bc324fda-e48a-4675-91c4-2ccde957337d,num_entidades,3
31a4d8c3-4106-4a8a-992f-852ef9519731,num_tokens,18
31a4d8c3-4106-4a8a-992f-852ef9519731,num_entidades,1
fbb05eff-80b0-4361-b677-bba98a048d4e,num_tokens,29
fbb05eff-80b0-4361-b677-bba98a048d4e,num_entidades,3
9c5b7e20-2fd7-4ed8-9868-4bafc6275756,num_tokens,11
9c5b7e20-2fd7-4ed8-9868-4bafc6275756,num_entidades,1
a74e8b92-9710-468c-b44c-8949d0352b5a,num_tokens,10
a74e8b92-9710-468c-b44c-8949d0352b5a,num_entidades,0
1bc08a59-38a0-4d93-b2d2-d2bf6c451515,num_tokens,48
1bc08a59-38a0-4d93-b2d2-d2bf6c451515,num_entidades,5
f21035d8-4188-4ba5-ac9a-dab9bb3d72d8,num_tokens,33
f21035d8-4188-4ba5-ac9a-dab9bb3d72d8,num_entidades,3
db7a2cd0-ad4b-4dcc-a0ab-fdb88ece231b,num_tokens,25
db7a2cd0-ad4b-4dcc-a0ab-fdb88ece231b,num_entidades,4
8dd69ce3-76f4-411d-98db-eca7e06610d6,num_tokens,42
8dd69ce3-76f4-411d-98db-eca7e06610d6,num_entidades,5
feaa9c92-ac60-4777-bbad-ccb1a6d43eea,num_tokens,30
feaa9c92-ac60-4777-bbad-ccb1a6d43eea,num_entidades,5
865986c2-00fd-4500-bb44-6100c240b217,num_tokens,16
865986c2-00fd-4500-bb44-6100c240b217,num_entidades,0
5ecee685-9dbe-4f80-b05b-a3e2d1f8cdfd,num_tokens,42
5ecee685-9dbe-4f80-b05b-a3e2d1f8cdfd,num_entidades,4
28d6da4b-f9a5-4b83-8a7b-1ce99e068c5f,num_tokens,28
28d6da4b-f9a5-4b83-8a7b-1ce99e068c5f,num_entidades,3
c16deb2c-1aa3-4a62-8dd7-8d70b3a34ce4,num_tokens,18
c16deb2c-1aa3-4a62-8dd7-8d70b3a34ce4,num_entidades,1
c154de92-2e0c-4fc9-8644-79d15dcc2833,num_tokens,18
c154de92-2e0c-4fc9-8644-79d15dcc2833,num_entidades,1
ce85fa8e-beab-453e-92ca-ef960092df12,num_tokens,26
ce85fa8e-beab-453e-92ca-ef960092df12,num_entidades,2
548c6333-337a-44c4-9ec7-ab687ee32a73,num_tokens,26
548c6333-337a-44c4-9ec7-ab687ee32a73,num_entidades,2
07d0b644-798e-4b42-b955-2e0c38db7276,num_tokens,28
07d0b644-798e-4b42-b955-2e0c38db7276,num_entidades,4
392802e3-dca0-4112-8f2a-99e9b586aa89,num_tokens,27
392802e3-dca0-4112-8f2a-99e9b586aa89,num_entidades,3
6df2adb6-8552-49e2-ab56-bea1661f73cd,num_tokens,37
6df2adb6-8552-49e2-ab56-bea1661f73cd,num_entidades,3
985a2a02-9cbe-41e9-ab84-46aa30604f13,num_tokens,35
985a2a02-9cbe-41e9-ab84-46aa30604f13,num_entidades,1
4477f2c1-66a7-4ba9-84d4-7fef3bc8ab60,num_tokens,69
4477f2c1-66a7-4ba9-84d4-7fef3bc8ab60,num_entidades,7
ca823b0a-45fe-4ee6-ae51-69affcdf8280,num_tokens,37
ca823b0a-45fe-4ee6-ae51-69affcdf8280,num_entidades,4
eb721bb3-886c-4633-b601-2d6007da6dae,num_tokens,52
eb721bb3-886c-4633-b601-2d6007da6dae,num_entidades,3
339c27f7-7c52-46bd-83c9-9a8d6c402d62,num_tokens,45
339c27f7-7c52-46bd-83c9-9a8d6c402d62,num_entidades,2
184d51a8-e34d-47dd-aa0a-e401f2314e25,num_tokens,28
184d51a8-e34d-47dd-aa0a-e401f2314e25,num_entidades,2
70bb5349-9e12-4e5b-87fb-aea403b1aae0,num_tokens,36
70bb5349-9e12-4e5b-87fb-aea403b1aae0,num_entidades,0
73d2d6c2-b5d3-4e05-9ecb-08b93095942a,num_tokens,2
73d2d6c2-b5d3-4e05-9ecb-08b93095942a,num_entidades,0
73bd655f-5842-4f1b-92f0-97bd5035e0b0,num_tokens,43
73bd655f-5842-4f1b-92f0-97bd5035e0b0,num_entidades,4
6ce99950-c891-4f25-99cd-635f39ebbb90,num_tokens,18
6ce99950-c891-4f25-99cd-635f39ebbb90,num_entidades,1
0bdb6434-604b-45b1-a703-783f550d4223,num_tokens,43
0bdb6434-604b-45b1-a703-783f550d4223,num_entidades,3
c2eebde3-5b98-4955-af5a-61129f0b08bd,num_tokens,30
c2eebde3-5b98-4955-af5a-61129f0b08bd,num_entidades,2
906d175c-c8df-446d-9581-479895f512f6,num_tokens,40
906d175c-c8df-446d-9581-479895f512f6,num_entidades,5
29cfcb92-cb69-40ba-a57d-397c52bfb52a,num_tokens,70
29cfcb92-cb69-40ba-a57d-397c52bfb52a,num_entidades,15
3725dda4-82cf-465f-9eaa-5e83115ad48f,num_tokens,13
3725dda4-82cf-465f-9eaa-5e83115ad48f,num_entidades,2
5c6590d1-8254-4dd2-944c-45299dd8507c,num_tokens,46
5c6590d1-8254-4dd2-944c-45299dd8507c,num_entidades,7
073eb7a2-786d-42e8-b479-f5017686587c,num_tokens,23
073eb7a2-786d-42e8-b479-f5017686587c,num_entidades,2
8772bf75-7c71-4dc2-9718-85810983338e,num_tokens,52
8772bf75-7c71-4dc2-9718-85810983338e,num_entidades,8
a35af6e7-576f-4ac1-80d2-165bdadd2047,num_tokens,21
a35af6e7-576f-4ac1-80d2-165bdadd2047,num_entidades,1
c67e224f-7df3-45cb-83bc-dfe5dc3b5142,num_tokens,13
c67e224f-7df3-45cb-83bc-dfe5dc3b5142,num_entidades,2
efae356d-73c8-4d68-8146-501ceeb79140,num_tokens,3
efae356d-73c8-4d68-8146-501ceeb79140,num_entidades,1
7fe7f700-5592-4dd4-8f8c-b32c9491a99a,num_tokens,70
7fe7f700-5592-4dd4-8f8c-b32c9491a99a,num_entidades,8
6c8b6002-c6b2-40d9-928f-6f28383653ad,num_tokens,87
6c8b6002-c6b2-40d9-928f-6f28383653ad,num_entidades,8
fd68f097-79da-4397-9c4c-312367d0922a,num_tokens,17
fd68f097-79da-4397-9c4c-312367d0922a,num_entidades,1
dd88e118-6783-4a7e-a038-f076f5368d65,num_tokens,48
dd88e118-6783-4a7e-a038-f076f5368d65,num_entidades,1
d55ae730-d683-44e6-b440-ac63d7ad79a7,num_tokens,28
d55ae730-d683-44e6-b440-ac63d7ad79a7,num_entidades,1
437fc3bb-0ac2-4233-991f-0091d9708a4e,num_tokens,34
437fc3bb-0ac2-4233-991f-0091d9708a4e,num_entidades,7
23883e13-2ef0-4a06-a745-aad1f228f7b2,num_tokens,49
23883e13-2ef0-4a06-a745-aad1f228f7b2,num_entidades,1
8fe191f5-f99a-430b-9585-846aa1b3b92f,num_tokens,37
8fe191f5-f99a-430b-9585-846aa1b3b92f,num_entidades,4
2edd8136-3eaa-4bdb-a851-56604166ab0a,num_tokens,32
2edd8136-3eaa-4bdb-a851-56604166ab0a,num_entidades,3
16cb26e0-2a27-4547-98d1-b5ff51a434f9,num_tokens,20
16cb26e0-2a27-4547-98d1-b5ff51a434f9,num_entidades,4
3597503c-7293-47e5-8bd9-9eba06517dde,num_tokens,42
3597503c-7293-47e5-8bd9-9eba06517dde,num_entidades,7
8e632a82-7fdf-431b-892e-49fa7252b1c7,num_tokens,22
8e632a82-7fdf-431b-892e-49fa7252b1c7,num_entidades,2
9a2d469f-b292-4a6c-92b6-7429d567c379,num_tokens,27
9a2d469f-b292-4a6c-92b6-7429d567c379,num_entidades,3
af7f2b7a-7b06-479c-8b69-22bba592120d,num_tokens,27
af7f2b7a-7b06-479c-8b69-22bba592120d,num_entidades,3
6d602a25-4707-4688-a3ae-2813995f551e,num_tokens,50
6d602a25-4707-4688-a3ae-2813995f551e,num_entidades,6
e6c8eb41-bf32-484e-91e2-da1e2b7cde83,num_tokens,34
e6c8eb41-bf32-484e-91e2-da1e2b7cde83,num_entidades,4
c2e2a8ae-a15a-4644-be9f-d73d8f645490,num_tokens,34
c2e2a8ae-a15a-4644-be9f-d73d8f645490,num_entidades,4
27bb1269-7913-4880-96a1-039299eeb4e5,num_tokens,31
27bb1269-7913-4880-96a1-039299eeb4e5,num_entidades,2
510f09c1-c674-40b1-a239-920648758b3d,num_tokens,14
510f09c1-c674-40b1-a239-920648758b3d,num_entidades,1
e20379c3-cb65-4ee2-b94f-52f3f5fc71bd,num_tokens,18
e20379c3-cb65-4ee2-b94f-52f3f5fc71bd,num_entidades,1
9d39f974-9e30-476c-a9a6-2adb03a54bd9,num_tokens,2
9d39f974-9e30-476c-a9a6-2adb03a54bd9,num_entidades,0
53530020-1cf5-42f6-8985-c3da7993cf94,num_tokens,19
53530020-1cf5-42f6-8985-c3da7993cf94,num_entidades,1
1da21439-ebd7-4c67-acea-21e90fc77400,num_tokens,27
1da21439-ebd7-4c67-acea-21e90fc77400,num_entidades,1
c5b6c67b-4fe5-4175-b502-b2bb6ab7608a,num_tokens,39
c5b6c67b-4fe5-4175-b502-b2bb6ab7608a,num_entidades,5
224c7e06-f7d7-4958-81eb-19eb3ff622d5,num_tokens,26
224c7e06-f7d7-4958-81eb-19eb3ff622d5,num_entidades,3
802b5f85-37ee-4911-8ebe-394451051cf5,num_tokens,22
802b5f85-37ee-4911-8ebe-394451051cf5,num_entidades,2
6bba629f-e9af-4311-b4e6-e1a45bfeff69,num_tokens,17
6bba629f-e9af-4311-b4e6-e1a45bfeff69,num_entidades,1
17f94384-efd2-40c4-ba9e-6bbacd10c423,num_tokens,9
17f94384-efd2-40c4-ba9e-6bbacd10c423,num_entidades,0
3bc46f75-7eae-4701-bd00-0d990ef425b9,num_tokens,14
3bc46f75-7eae-4701-bd00-0d990ef425b9,num_entidades,0
c08e6f60-afc7-4ebc-b6ff-aaf7bd043207,num_tokens,8
c08e6f60-afc7-4ebc-b6ff-aaf7bd043207,num_entidades,0
56081188-bf45-4765-aa31-e0b43eac2698,num_tokens,39
56081188-bf45-4765-aa31-e0b43eac2698,num_entidades,1
81e7577b-1fe8-451c-95a1-004247aabdd6,num_tokens,21
81e7577b-1fe8-451c-95a1-004247aabdd6,num_entidades,0
429ea85f-cc57-4fa7-ac04-a0318ad9cbc3,num_tokens,12
429ea85f-cc57-4fa7-ac04-a0318ad9cbc3,num_entidades,0
a03ee0da-00bf-4c92-a9fd-75ddb33d3b73,num_tokens,2
a03ee0da-00bf-4c92-a9fd-75ddb33d3b73,num_entidades,0
9f3983c4-fed1-4cb1-885d-078b1467d72d,num_tokens,14
9f3983c4-fed1-4cb1-885d-078b1467d72d,num_entidades,0
64751443-8db4-4461-94a5-937095526b36,num_tokens,2
64751443-8db4-4461-94a5-937095526b36,num_entidades,0
c710169e-0411-468c-b5db-7b7f9b0a2a29,num_tokens,8
c710169e-0411-468c-b5db-7b7f9b0a2a29,num_entidades,0
d9a12990-de50-4ae9-a769-60ff410c1493,num_tokens,60
d9a12990-de50-4ae9-a769-60ff410c1493,num_entidades,8
1d3e5cee-64c3-44dd-a06f-17e18da99953,num_tokens,32
1d3e5cee-64c3-44dd-a06f-17e18da99953,num_entidades,4
673b233e-bd47-4704-926d-758f0eb6cb5f,num_tokens,36
673b233e-bd47-4704-926d-758f0eb6cb5f,num_entidades,2
4c241f97-3b42-43dc-9ab1-3309e56413a3,num_tokens,26
4c241f97-3b42-43dc-9ab1-3309e56413a3,num_entidades,1
07d8f5b0-a821-429f-9edf-e9598dc58424,num_tokens,40
07d8f5b0-a821-429f-9edf-e9598dc58424,num_entidades,4
85f6d506-3538-44e2-b0e1-e410081a22f9,num_tokens,47
85f6d506-3538-44e2-b0e1-e410081a22f9,num_entidades,3
bcfb5efc-3b44-41c6-9afc-2f28bacc3794,num_tokens,25
bcfb5efc-3b44-41c6-9afc-2f28bacc3794,num_entidades,1
0743f8c6-b81a-48bf-905b-66915293d711,num_tokens,34
0743f8c6-b81a-48bf-905b-66915293d711,num_entidades,3
c6ca3553-16b6-4e5d-a55e-83ef815bef7a,num_tokens,22
c6ca3553-16b6-4e5d-a55e-83ef815bef7a,num_entidades,1
6d2462d5-122c-4aa4-8849-9ae7946f4bf5,num_tokens,30
6d2462d5-122c-4aa4-8849-9ae7946f4bf5,num_entidades,2
b12d4d9f-c227-4bc3-825d-a605cd1ef823,num_tokens,53
b12d4d9f-c227-4bc3-825d-a605cd1ef823,num_entidades,6
e84fbf27-9586-4b44-bafb-26910a1d5551,num_tokens,41
e84fbf27-9586-4b44-bafb-26910a1d5551,num_entidades,2
838adf53-57a1-4987-9633-ccdb689f3731,num_tokens,17
838adf53-57a1-4987-9633-ccdb689f3731,num_entidades,1
13a1c7d8-d1f7-4a5a-a1e4-69b972432024,num_tokens,38
13a1c7d8-d1f7-4a5a-a1e4-69b972432024,num_entidades,2
196c6a38-51ab-4a52-93b1-a6e6df503935,num_tokens,26
196c6a38-51ab-4a52-93b1-a6e6df503935,num_entidades,0
1a0bd9a5-fb57-428e-bdc7-ae5ef755b4a6,num_tokens,23
1a0bd9a5-fb57-428e-bdc7-ae5ef755b4a6,num_entidades,1
181b229e-baec-4633-bf4e-ac38e16d4c34,num_tokens,111
181b229e-baec-4633-bf4e-ac38e16d4c34,num_entidades,1
c1788508-937e-4951-af19-9e49b28512ff,num_tokens,24
c1788508-937e-4951-af19-9e49b28512ff,num_entidades,1
dcf9ad60-a7fa-4c89-8e4f-adf78cea159d,num_tokens,17
dcf9ad60-a7fa-4c89-8e4f-adf78cea159d,num_entidades,1
91a519bf-f7cc-410f-b235-3b3a4a66d7e6,num_tokens,2
91a519bf-f7cc-410f-b235-3b3a4a66d7e6,num_entidades,0
52b59159-6041-4949-b71f-849a257df006,num_tokens,26
52b59159-6041-4949-b71f-849a257df006,num_entidades,0
5da5ce70-0a8b-4cd8-a6db-a9383f4d8432,num_tokens,8
5da5ce70-0a8b-4cd8-a6db-a9383f4d8432,num_entidades,0
12c5f858-7a35-40b4-8387-8c6905833ad3,num_tokens,46
12c5f858-7a35-40b4-8387-8c6905833ad3,num_entidades,6
afe39704-cc51-4cce-8811-593508f141e1,num_tokens,25
afe39704-cc51-4cce-8811-593508f141e1,num_entidades,2
bf4b5de8-72d9-4dc1-825d-5616566a4e53,num_tokens,13
bf4b5de8-72d9-4dc1-825d-5616566a4e53,num_entidades,2
3b1521c0-eeee-40a3-953d-95697e57b8da,num_tokens,15
3b1521c0-eeee-40a3-953d-95697e57b8da,num_entidades,1
3e20c79a-27d8-4fb8-93b5-2cd47ae402c6,num_tokens,50
3e20c79a-27d8-4fb8-93b5-2cd47ae402c6,num_entidades,5
b8976793-5533-4b4d-b903-ac5e9284945b,num_tokens,14
b8976793-5533-4b4d-b903-ac5e9284945b,num_entidades,0
42a07f03-ce98-4258-9a96-a9aaf1d6a8f5,num_tokens,38
42a07f03-ce98-4258-9a96-a9aaf1d6a8f5,num_entidades,4
83e90f8e-6afd-410f-a41d-d073a03b813b,num_tokens,45
83e90f8e-6afd-410f-a41d-d073a03b813b,num_entidades,2
32db215e-58c5-4dd2-bf55-ccc4e34a3e63,num_tokens,24
32db215e-58c5-4dd2-bf55-ccc4e34a3e63,num_entidades,2
137a5793-23b3-4df9-bd54-6b188d015165,num_tokens,30
137a5793-23b3-4df9-bd54-6b188d015165,num_entidades,2
f6194da9-6dc6-4470-939a-06dac279d25b,num_tokens,39
f6194da9-6dc6-4470-939a-06dac279d25b,num_entidades,0
76d61c13-8af1-4dc1-a940-3f239f0b12ba,num_tokens,53
76d61c13-8af1-4dc1-a940-3f239f0b12ba,num_entidades,4
d88e149a-1208-46ff-ac63-0f9ee38a91ff,num_tokens,34
d88e149a-1208-46ff-ac63-0f9ee38a91ff,num_entidades,3
4947fb43-0874-4187-8660-865f7dfbbf0b,num_tokens,15
4947fb43-0874-4187-8660-865f7dfbbf0b,num_entidades,3
bc8aa97b-fbc8-42d7-b8ce-550dad8a8f81,num_tokens,7
bc8aa97b-fbc8-42d7-b8ce-550dad8a8f81,num_entidades,1
10de0263-15ec-4eaa-b393-dfc1647e07f2,num_tokens,31
10de0263-15ec-4eaa-b393-dfc1647e07f2,num_entidades,1
f00bba5c-e69a-4441-acc4-b6d1bfeaa95a,num_tokens,47
f00bba5c-e69a-4441-acc4-b6d1bfeaa95a,num_entidades,3
51499e65-0291-4bb4-9ea9-0285ae99fafe,num_tokens,23
51499e65-0291-4bb4-9ea9-0285ae99fafe,num_entidades,0
96e5229a-bb51-469f-b4af-0927fa4c475d,num_tokens,57
96e5229a-bb51-469f-b4af-0927fa4c475d,num_entidades,6
2ccab324-2d7c-4760-952d-572104c40674,num_tokens,39
2ccab324-2d7c-4760-952d-572104c40674,num_entidades,3
b0e3cbff-578c-4065-9108-16c761cba58b,num_tokens,24
b0e3cbff-578c-4065-9108-16c761cba58b,num_entidades,3
b5dcd467-3bfd-469f-a1d0-f31e1216b653,num_tokens,21
b5dcd467-3bfd-469f-a1d0-f31e1216b653,num_entidades,4
68cfbd46-7edc-465b-a934-fb0eb12c5b2e,num_tokens,28
68cfbd46-7edc-465b-a934-fb0eb12c5b2e,num_entidades,5
248b3094-0d44-4fb5-af9a-27250e96d544,num_tokens,48
248b3094-0d44-4fb5-af9a-27250e96d544,num_entidades,3
9e18195b-17b6-45f6-8e7b-34a21efcbde0,num_tokens,2
9e18195b-17b6-45f6-8e7b-34a21efcbde0,num_entidades,0
4859c14c-9c88-4b55-83cf-82d161832754,num_tokens,32
4859c14c-9c88-4b55-83cf-82d161832754,num_entidades,4
9502f7e2-9810-46fe-8772-d8a62f145e64,num_tokens,2
9502f7e2-9810-46fe-8772-d8a62f145e64,num_entidades,0
af0efb55-f097-46e0-8020-0b98c6617057,num_tokens,12
af0efb55-f097-46e0-8020-0b98c6617057,num_entidades,0
7446e19a-63ac-44be-89c1-e3aa3b7be768,num_tokens,2
7446e19a-63ac-44be-89c1-e3aa3b7be768,num_entidades,0
a9de9b18-fc21-4075-9b82-f13c4374bbab,num_tokens,10
a9de9b18-fc21-4075-9b82-f13c4374bbab,num_entidades,2
bfc59db5-0b92-46f5-b8ae-dfe817c93b6b,num_tokens,2
bfc59db5-0b92-46f5-b8ae-dfe817c93b6b,num_entidades,0
66ece503-084e-420f-89cf-c3b914fb6749,num_tokens,12
66ece503-084e-420f-89cf-c3b914fb6749,num_entidades,2
83fc0755-d3fd-44ee-be0e-d175810ddfe3,num_tokens,28
83fc0755-d3fd-44ee-be0e-d175810ddfe3,num_entidades,3
8648adcf-d316-4b22-839d-058af66d0207,num_tokens,53
8648adcf-d316-4b22-839d-058af66d0207,num_entidades,4
c14896eb-3064-4924-9403-b4e33ec26871,num_tokens,21
c14896eb-3064-4924-9403-b4e33ec26871,num_entidades,3
9cda5d07-bf84-4e1b-afbc-7334f4c9c8b8,num_tokens,45
9cda5d07-bf84-4e1b-afbc-7334f4c9c8b8,num_entidades,2
e75f5cb5-ee3c-4156-832f-4420e22feaba,num_tokens,2
e75f5cb5-ee3c-4156-832f-4420e22feaba,num_entidades,0
27691df1-6c1f-4368-974c-d6066e232562,num_tokens,11
27691df1-6c1f-4368-974c-d6066e232562,num_entidades,0
f4238b2b-ae89-4dba-8b70-1a8620009e17,num_tokens,27
f4238b2b-ae89-4dba-8b70-1a8620009e17,num_entidades,1
10c8a875-ad5a-4c86-9989-7c7300e4a6a7,num_tokens,2
10c8a875-ad5a-4c86-9989-7c7300e4a6a7,num_entidades,0
5640502a-4172-4ffa-9a1a-838fee0cac2a,num_tokens,41
5640502a-4172-4ffa-9a1a-838fee0cac2a,num_entidades,1
d4ee95d2-076b-4598-9636-5770ef322c1e,num_tokens,2
d4ee95d2-076b-4598-9636-5770ef322c1e,num_entidades,0
ee726543-2835-45d7-9e03-9a3bbec905e0,num_tokens,11
ee726543-2835-45d7-9e03-9a3bbec905e0,num_entidades,0
00fc2981-2208-41a0-8841-c83f61355f75,num_tokens,2
00fc2981-2208-41a0-8841-c83f61355f75,num_entidades,0
9cb5dbc0-8dc6-4f32-a198-c301fcc53110,num_tokens,11
9cb5dbc0-8dc6-4f32-a198-c301fcc53110,num_entidades,2
5fa54d12-4a6c-4a3f-8499-0d44326168e4,num_tokens,57
5fa54d12-4a6c-4a3f-8499-0d44326168e4,num_entidades,3
1ef0bc43-57db-448b-8f2d-7496af44066f,num_tokens,31
1ef0bc43-57db-448b-8f2d-7496af44066f,num_entidades,2
43b361a2-e507-4dd4-8f13-0c3e8de42b3d,num_tokens,25
43b361a2-e507-4dd4-8f13-0c3e8de42b3d,num_entidades,0
9abd3394-9996-4823-89a7-c5936d93a021,num_tokens,13
9abd3394-9996-4823-89a7-c5936d93a021,num_entidades,3
b050ed8c-17e7-4297-93aa-61f561e37da3,num_tokens,14
b050ed8c-17e7-4297-93aa-61f561e37da3,num_entidades,1
d20ff896-f612-40cc-a299-6b8fb95e45c0,num_tokens,12
d20ff896-f612-40cc-a299-6b8fb95e45c0,num_entidades,0
32c8100c-b5bc-4399-bff1-693a854078fa,num_tokens,7
32c8100c-b5bc-4399-bff1-693a854078fa,num_entidades,1
c4ed4b96-e44b-4184-a77c-06e033ff2809,num_tokens,21
c4ed4b96-e44b-4184-a77c-06e033ff2809,num_entidades,1
7426926f-f217-42e4-9298-e1f801e9af43,num_tokens,8
7426926f-f217-42e4-9298-e1f801e9af43,num_entidades,1
ecf2260e-4979-4033-a71a-38d23de2ec83,num_tokens,7
ecf2260e-4979-4033-a71a-38d23de2ec83,num_entidades,1
39846155-7c0e-4858-9465-7b4738ff3daf,num_tokens,6
39846155-7c0e-4858-9465-7b4738ff3daf,num_entidades,1
7a96730d-34a6-4c75-8ee1-73566061d90c,num_tokens,6
7a96730d-34a6-4c75-8ee1-73566061d90c,num_entidades,2
3d83213a-3a57-46ec-9cf6-f5db1ac02999,num_tokens,5
3d83213a-3a57-46ec-9cf6-f5db1ac02999,num_entidades,0
ecf72622-84c1-462b-aa28-06ae4efea291,num_tokens,17
ecf72622-84c1-462b-aa28-06ae4efea291,num_entidades,2
f5b6f342-5955-40de-9e51-40bc7d75afa6,num_tokens,66
f5b6f342-5955-40de-9e51-40bc7d75afa6,num_entidades,3
eee1a19d-a01b-4e4f-8349-7fb8cfc71a3e,num_tokens,18
eee1a19d-a01b-4e4f-8349-7fb8cfc71a3e,num_entidades,1
1a4391d0-21b9-4bfe-a115-180060227163,num_tokens,2
1a4391d0-21b9-4bfe-a115-180060227163,num_entidades,0
d02e4c9c-5046-4390-a79b-145da468b5a3,num_tokens,57
d02e4c9c-5046-4390-a79b-145da468b5a3,num_entidades,8
e75b4c10-920a-4fb1-84c3-97279b5e245d,num_tokens,72
e75b4c10-920a-4fb1-84c3-97279b5e245d,num_entidades,8
9b4c94c6-6884-4837-b733-5368111209ee,num_tokens,96
9b4c94c6-6884-4837-b733-5368111209ee,num_entidades,13
9fea9a82-6f79-451d-a337-f2a1555d1d99,num_tokens,43
9fea9a82-6f79-451d-a337-f2a1555d1d99,num_entidades,6
2497394c-c9ab-4b2b-9cdd-5e736f759296,num_tokens,65
2497394c-c9ab-4b2b-9cdd-5e736f759296,num_entidades,6
5df60e85-0aef-4da3-8a6c-19367e9b24c7,num_tokens,68
5df60e85-0aef-4da3-8a6c-19367e9b24c7,num_entidades,7
95f1ef0d-9b4c-473b-9dbc-38bf63905cde,num_tokens,40
95f1ef0d-9b4c-473b-9dbc-38bf63905cde,num_entidades,6
5a5c0e73-861b-49fa-95a9-9f420200484b,num_tokens,48
5a5c0e73-861b-49fa-95a9-9f420200484b,num_entidades,8
ade7a0cd-3403-454b-b7a1-a76f84d51c7b,num_tokens,138
ade7a0cd-3403-454b-b7a1-a76f84d51c7b,num_entidades,17
dc839ef8-6710-4cd2-9b9b-32bb334f6e2d,num_tokens,28
dc839ef8-6710-4cd2-9b9b-32bb334f6e2d,num_entidades,2
d4de2cbf-5017-4f24-ac2a-61f1f33d690b,num_tokens,31
d4de2cbf-5017-4f24-ac2a-61f1f33d690b,num_entidades,1
ec256aba-fe7b-468c-b399-69bf2254b84f,num_tokens,21
ec256aba-fe7b-468c-b399-69bf2254b84f,num_entidades,1
73b4b89c-b456-475e-86ae-8d23222152f2,num_tokens,14
73b4b89c-b456-475e-86ae-8d23222152f2,num_entidades,0
a166d521-65e7-4dbd-a65b-2ecfed91645f,num_tokens,44
a166d521-65e7-4dbd-a65b-2ecfed91645f,num_entidades,6
8920606e-c17f-4881-8731-4739d6dade42,num_tokens,35
8920606e-c17f-4881-8731-4739d6dade42,num_entidades,4
d288be9b-7c85-4c9b-9e66-077a2e8575ac,num_tokens,34
d288be9b-7c85-4c9b-9e66-077a2e8575ac,num_entidades,5
96d0b409-e971-4dfe-a337-c9c9b76e76e6,num_tokens,17
96d0b409-e971-4dfe-a337-c9c9b76e76e6,num_entidades,2
437d74af-9368-4e5c-91f0-572d9cda9944,num_tokens,25
437d74af-9368-4e5c-91f0-572d9cda9944,num_entidades,2
2c594bc8-fb59-4822-ab28-e6c9e4686af1,num_tokens,66
2c594bc8-fb59-4822-ab28-e6c9e4686af1,num_entidades,9
2189557b-8c15-4194-b0c0-781cdef70338,num_tokens,35
2189557b-8c15-4194-b0c0-781cdef70338,num_entidades,2
f34d797e-33da-436a-82cc-af4c05c53ff5,num_tokens,48
f34d797e-33da-436a-82cc-af4c05c53ff5,num_entidades,5
51767900-38cb-4078-a943-a8e6982fb5b9,num_tokens,60
51767900-38cb-4078-a943-a8e6982fb5b9,num_entidades,8
010601b9-1c86-4a34-b7ba-7fc660148174,num_tokens,14
010601b9-1c86-4a34-b7ba-7fc660148174,num_entidades,1
cb22f797-4a68-4f7b-9979-da5fe1b41fbc,num_tokens,54
cb22f797-4a68-4f7b-9979-da5fe1b41fbc,num_entidades,8
521ed639-9e08-455d-b197-b171b0826902,num_tokens,33
521ed639-9e08-455d-b197-b171b0826902,num_entidades,4
b942eccf-58e6-4521-81e2-a7b27d21efe8,num_tokens,31
b942eccf-58e6-4521-81e2-a7b27d21efe8,num_entidades,3
cbeb15a5-c301-4d2a-bb6a-963069a30bd6,num_tokens,34
cbeb15a5-c301-4d2a-bb6a-963069a30bd6,num_entidades,3
c7eded50-552d-47b6-a08a-67bd19b5f92a,num_tokens,40
c7eded50-552d-47b6-a08a-67bd19b5f92a,num_entidades,6
d2e93df3-c3af-4aff-b41e-6ac13b94225a,num_tokens,20309
d2e93df3-c3af-4aff-b41e-6ac13b94225a,num_entidades,2288
